CD_REFNIS,CD_SUP_REFNIS,TX_REFNIS_NL,Huizen_totaal_2025,Appartementen_2025,Woningen_Nieuwbouw_2019sep-2022aug,Woningen_Nieuwbouw_2022sep-2025aug,Woningen_Nieuwbouw_pct_verschil_36m,Gebouwen_Renovatie_2019sep-2022aug,Gebouwen_Renovatie_2022sep-2025aug,Gebouwen_Renovatie_pct_verschil_36m,HH_available,hh_1_2025,hh_2_2025,hh_3_2025,hh_4+_2025,hh_1_pct_toename,hh_2_pct_toename,hh_3_pct_toename,hh_4+_pct_toename,hh_1_abs_toename,hh_2_abs_toename,hh_3_abs_toename,hh_4+_abs_toename
93010,93000,Cerfontaine,2172,119,70.0,33.0,-52.86,56.0,50.0,-10.71,False,,,,,,,,,,,,
93014,93000,Couvin,6050,564,91.0,87.0,-4.4,125.0,106.0,-15.2,False,,,,,,,,,,,,
93018,93000,Doische,1468,48,37.0,20.0,-45.95,38.0,24.0,-36.84,False,,,,,,,,,,,,
93022,93000,Florennes,4692,465,101.0,79.0,-21.78,107.0,80.0,-25.23,False,,,,,,,,,,,,
93056,93000,Philippeville,3648,563,171.0,85.0,-50.29,83.0,68.0,-18.07,False,,,,,,,,,,,,
93088,93000,Walcourt,7715,618,175.0,161.0,-8.0,177.0,130.0,-26.55,False,,,,,,,,,,,,
93090,93000,Viroinval,2965,198,42.0,41.0,-2.38,64.0,60.0,-6.25,False,,,,,,,,,,,,
83012,83000,Durbuy,5381,1020,235.0,462.0,96.6,152.0,133.0,-12.5,False,,,,,,,,,,,,
83013,83000,Erezée,1677,102,70.0,73.0,4.29,61.0,49.0,-19.67,False,,,,,,,,,,,,
83028,83000,Hotton,2123,539,114.0,36.0,-68.42,45.0,47.0,4.44,False,,,,,,,,,,,,
83031,83000,La Roche-en-Ardenne,2233,387,109.0,99.0,-9.17,57.0,46.0,-19.3,False,,,,,,,,,,,,
83034,83000,Marche-en-Famenne,6225,2339,368.0,493.0,33.97,123.0,93.0,-24.39,False,,,,,,,,,,,,
83040,83000,Nassogne,2303,299,70.0,46.0,-34.29,44.0,45.0,2.27,False,,,,,,,,,,,,
83044,83000,Rendeux,1295,102,43.0,53.0,23.26,40.0,46.0,15.0,False,,,,,,,,,,,,
83049,83000,Tenneville,1249,211,29.0,57.0,96.55,21.0,27.0,28.57,False,,,,,,,,,,,,
83055,83000,Manhay,1923,134,113.0,96.0,-15.04,47.0,52.0,10.64,False,,,,,,,,,,,,
23002,23000,Asse,9614,5046,567.0,453.0,-20.11,226.0,201.0,-11.06,True,4208.0,4361.0,2096.0,3549.0,6.7,12.02,18.99,5.21,282.0,524.0,398.0,185.0
23003,23000,Beersel,9301,1292,322.0,119.0,-63.04,242.0,199.0,-17.77,True,2551.0,3258.0,1630.0,2902.0,11.41,8.66,17.98,7.72,291.0,282.0,293.0,224.0
23009,23000,Bever,917,38,62.0,21.0,-66.13,32.0,29.0,-9.38,True,244.0,333.0,129.0,208.0,-6.15,18.02,15.5,-18.75,-15.0,60.0,20.0,-39.0
23016,23000,Dilbeek,13505,5310,548.0,275.0,-49.82,285.0,262.0,-8.07,True,5476.0,5692.0,2776.0,4354.0,11.92,6.62,7.85,9.74,653.0,377.0,218.0,424.0
23025,23000,Grimbergen,10981,6104,462.0,227.0,-50.87,292.0,217.0,-25.68,True,5558.0,4858.0,2429.0,3813.0,7.41,12.45,8.89,5.51,412.0,605.0,216.0,210.0
23027,23000,Halle (Halle-Vilvoorde),12441,6076,468.0,330.0,-29.49,338.0,370.0,9.47,True,6085.0,5605.0,2669.0,3876.0,13.34,10.33,16.22,13.65,812.0,579.0,433.0,529.0
23033,23000,Hoeilaart,3982,806,111.0,174.0,56.76,134.0,125.0,-6.72,True,1301.0,1386.0,735.0,1222.0,5.92,4.98,12.11,3.27,77.0,69.0,89.0,40.0
23038,23000,Kampenhout,4525,641,188.0,197.0,4.79,106.0,107.0,0.94,True,1296.0,1726.0,837.0,1188.0,3.7,7.24,7.65,4.88,48.0,125.0,64.0,58.0
23039,23000,Kapelle-op-den-Bos,3409,884,108.0,107.0,-0.93,78.0,81.0,3.85,True,1328.0,1408.0,631.0,808.0,5.27,3.55,1.9,12.13,70.0,50.0,12.0,98.0
23044,23000,Liedekerke,4650,1097,151.0,107.0,-29.14,80.0,68.0,-15.0,True,1674.0,1974.0,836.0,1256.0,8.18,6.23,11.0,14.73,137.0,123.0,92.0,185.0
23045,23000,Londerzeel,6802,1712,314.0,355.0,13.06,180.0,166.0,-7.78,True,2435.0,2860.0,1161.0,1758.0,14.33,0.59,9.39,11.38,349.0,17.0,109.0,200.0
23047,23000,Machelen (Halle-Vilvoorde),4149,2444,252.0,253.0,0.4,112.0,188.0,67.86,True,1610.0,1566.0,940.0,1907.0,-0.99,18.77,23.3,4.4,-16.0,294.0,219.0,84.0
23050,23000,Meise,6834,1857,276.0,229.0,-17.03,163.0,153.0,-6.13,True,2448.0,2837.0,1252.0,1879.0,12.42,10.05,3.99,12.93,304.0,285.0,50.0,243.0
23052,23000,Merchtem,5525,2551,457.0,300.0,-34.35,149.0,142.0,-4.7,True,2586.0,2553.0,1050.0,1590.0,13.81,4.5,8.48,14.91,357.0,115.0,89.0,237.0
23060,23000,Opwijk,5011,1319,234.0,201.0,-14.1,120.0,101.0,-15.83,True,1790.0,2001.0,873.0,1452.0,8.88,5.65,15.81,0.34,159.0,113.0,138.0,5.0
23062,23000,Overijse,9340,1325,290.0,126.0,-56.55,269.0,223.0,-17.1,True,2704.0,3208.0,1615.0,2671.0,-0.04,5.27,9.41,1.05,-1.0,169.0,152.0,28.0
23064,23000,Pepingen,1680,90,62.0,31.0,-50.0,58.0,50.0,-13.79,True,403.0,593.0,304.0,446.0,10.42,5.73,-1.97,-8.97,42.0,34.0,-6.0,-40.0
23077,23000,Sint-Pieters-Leeuw,10607,3882,423.0,122.0,-71.16,232.0,187.0,-19.4,True,3972.0,4370.0,2278.0,3709.0,5.19,18.26,15.1,7.09,206.0,798.0,344.0,263.0
23081,23000,Steenokkerzeel,4486,608,129.0,45.0,-65.12,116.0,106.0,-8.62,True,1331.0,1699.0,779.0,1290.0,12.62,8.06,22.72,7.83,168.0,137.0,177.0,101.0
23086,23000,Ternat,5999,846,197.0,237.0,20.3,165.0,132.0,-20.0,True,1936.0,2319.0,1038.0,1567.0,13.07,3.49,10.5,13.59,253.0,81.0,109.0,213.0
23088,23000,Vilvoorde,12015,6683,467.0,447.0,-4.28,286.0,272.0,-4.9,True,5258.0,4858.0,2866.0,5230.0,12.15,20.23,23.55,13.31,639.0,983.0,675.0,696.0
23094,23000,Zaventem,9816,5811,442.0,306.0,-30.77,236.0,186.0,-21.19,True,4667.0,3947.0,2336.0,3892.0,4.95,5.42,21.75,15.67,231.0,214.0,508.0,610.0
23096,23000,Zemst,8826,846,177.0,180.0,1.69,252.0,218.0,-13.49,True,2342.0,3432.0,1381.0,2244.0,8.54,-5.77,3.69,-4.46,200.0,-198.0,51.0,-100.0
23097,23000,Roosdaal,4487,482,225.0,180.0,-20.0,99.0,99.0,0.0,True,1250.0,1689.0,777.0,1121.0,14.08,5.33,0.39,0.36,176.0,90.0,3.0,4.0
23098,23000,Drogenbos,1341,1018,28.0,11.0,-60.71,41.0,36.0,-12.2,True,795.0,698.0,408.0,587.0,15.09,36.25,25.74,16.87,120.0,253.0,105.0,99.0
23099,23000,Kraainem,4400,1526,102.0,271.0,165.69,184.0,149.0,-19.02,True,1639.0,1385.0,839.0,1574.0,-7.81,-0.36,23.72,-1.84,-128.0,-5.0,199.0,-29.0
23100,23000,Linkebeek,1663,436,15.0,10.0,-33.33,49.0,65.0,32.65,True,633.0,584.0,319.0,418.0,-14.06,6.51,-10.03,-1.91,-89.0,38.0,-32.0,-8.0
23101,23000,Sint-Genesius-Rode,6528,1203,162.0,117.0,-27.78,205.0,220.0,7.32,True,1961.0,2130.0,1187.0,2022.0,1.02,0.66,9.69,4.2,20.0,14.0,115.0,85.0
23102,23000,Wemmel,4662,2540,207.0,83.0,-59.9,140.0,147.0,5.0,True,2147.0,2072.0,1157.0,1856.0,8.1,15.88,21.35,13.95,174.0,329.0,247.0,259.0
23103,23000,Wezembeek-Oppem,4622,1464,94.0,83.0,-11.7,154.0,159.0,3.25,True,1713.0,1618.0,891.0,1556.0,4.14,-6.49,14.48,1.99,71.0,-105.0,129.0,31.0
23104,23000,Lennik,3249,671,168.0,296.0,76.19,109.0,102.0,-6.42,True,957.0,1384.0,593.0,820.0,0.73,3.47,6.75,10.85,7.0,48.0,40.0,89.0
23105,23000,Affligem,5099,470,231.0,83.0,-64.07,122.0,89.0,-27.05,True,1357.0,1941.0,824.0,1303.0,1.92,4.69,8.74,5.6,26.0,91.0,72.0,73.0
63001,63000,Amel,2363,270,91.0,63.0,-30.77,53.0,47.0,-11.32,False,,,,,,,,,,,,
63003,63000,Aubel,1506,450,57.0,18.0,-68.42,52.0,38.0,-26.92,False,,,,,,,,,,,,
63004,63000,Baelen,1670,396,62.0,24.0,-61.29,32.0,40.0,25.0,False,,,,,,,,,,,,
63012,63000,Büllingen,2461,274,78.0,39.0,-50.0,55.0,40.0,-27.27,False,,,,,,,,,,,,
63013,63000,Bütgenbach,2356,305,71.0,62.0,-12.68,60.0,51.0,-15.0,False,,,,,,,,,,,,
63020,63000,Dison,5026,1713,49.0,120.0,144.9,77.0,91.0,18.18,False,,,,,,,,,,,,
63023,63000,Eupen,7068,2583,358.0,182.0,-49.16,150.0,95.0,-36.67,False,,,,,,,,,,,,
63035,63000,Herve,6531,1306,168.0,243.0,44.64,195.0,153.0,-21.54,False,,,,,,,,,,,,
63038,63000,Jalhay,3285,686,137.0,124.0,-9.49,100.0,85.0,-15.0,False,,,,,,,,,,,,
63040,63000,Kelmis,4235,1124,67.0,20.0,-70.15,41.0,33.0,-19.51,False,,,,,,,,,,,,
63045,63000,Lierneux,1583,154,36.0,30.0,-16.67,49.0,46.0,-6.12,False,,,,,,,,,,,,
63046,63000,Limburg,2258,415,43.0,82.0,90.7,52.0,48.0,-7.69,False,,,,,,,,,,,,
63048,63000,Lontzen,2332,306,135.0,113.0,-16.3,44.0,34.0,-22.73,False,,,,,,,,,,,,
63049,63000,Malmedy,4487,1910,280.0,164.0,-41.43,110.0,97.0,-11.82,False,,,,,,,,,,,,
63057,63000,Olne,1688,150,33.0,11.0,-66.67,38.0,29.0,-23.68,False,,,,,,,,,,,,
63058,63000,Pepinster,3723,443,58.0,37.0,-36.21,82.0,48.0,-41.46,False,,,,,,,,,,,,
63061,63000,Raeren,4378,762,145.0,106.0,-26.9,85.0,93.0,9.41,False,,,,,,,,,,,,
63067,63000,Sankt Vith,3827,1070,206.0,233.0,13.11,104.0,86.0,-17.31,False,,,,,,,,,,,,
63072,63000,Spa,3471,1843,156.0,62.0,-60.26,83.0,78.0,-6.02,False,,,,,,,,,,,,
63073,63000,Stavelot,3016,567,75.0,89.0,18.67,90.0,80.0,-11.11,False,,,,,,,,,,,,
63075,63000,Stoumont,1595,145,36.0,33.0,-8.33,59.0,52.0,-11.86,False,,,,,,,,,,,,
63076,63000,Theux,4887,601,87.0,196.0,125.29,120.0,115.0,-4.17,False,,,,,,,,,,,,
63079,63000,Verviers,18719,6730,188.0,95.0,-49.47,258.0,171.0,-33.72,False,,,,,,,,,,,,
63080,63000,Weismes,3039,496,103.0,74.0,-28.16,123.0,74.0,-39.84,False,,,,,,,,,,,,
63084,63000,Welkenraedt,3483,1287,268.0,117.0,-56.34,94.0,69.0,-26.6,False,,,,,,,,,,,,
63086,63000,Trois-Ponts,1182,171,36.0,27.0,-25.0,49.0,34.0,-30.61,False,,,,,,,,,,,,
63087,63000,Burg-Reuland,1979,166,47.0,49.0,4.26,57.0,38.0,-33.33,False,,,,,,,,,,,,
63088,63000,Plombières,4001,887,129.0,78.0,-39.53,117.0,98.0,-16.24,False,,,,,,,,,,,,
63089,63000,Thimister-Clermont,2081,278,65.0,76.0,16.92,68.0,48.0,-29.41,False,,,,,,,,,,,,
44084,44000,Aalter,11387,2455,640.0,588.0,-8.12,305.0,226.0,-25.9,True,4000.0,4727.0,1811.0,2412.0,1.95,4.59,-4.03,-0.08,78.0,217.0,-73.0,-2.0
44083,44000,Deinze,16676,4409,1492.0,1204.0,-19.3,471.0,375.0,-20.38,True,6334.0,6896.0,2678.0,3754.0,8.04,10.98,-0.56,-3.2,509.0,757.0,-15.0,-120.0
44013,44000,Destelbergen,7186,1394,265.0,181.0,-31.7,291.0,256.0,-12.03,True,2375.0,3037.0,1095.0,1677.0,6.78,8.23,7.4,8.59,161.0,250.0,81.0,144.0
44019,44000,Evergem,13762,2227,855.0,604.0,-29.36,328.0,235.0,-28.35,True,4561.0,5729.0,2353.0,2980.0,12.17,6.98,-0.21,8.69,555.0,400.0,-5.0,259.0
44020,44000,Gavere,5109,889,385.0,188.0,-51.17,133.0,141.0,6.02,True,1644.0,2121.0,829.0,1071.0,3.77,-1.18,-7.96,3.92,62.0,-25.0,-66.0,42.0
44021,44000,Gent,82897,65263,3977.0,3799.0,-4.48,3087.0,2730.0,-11.56,True,49226.0,36567.0,14682.0,22245.0,5.01,14.67,16.71,6.55,2468.0,5364.0,2454.0,1458.0
44052,44000,Oosterzele,5578,499,234.0,143.0,-38.89,161.0,137.0,-14.91,True,1649.0,2051.0,888.0,1272.0,7.16,1.95,0.11,-3.38,118.0,40.0,1.0,-43.0
44064,44000,Sint-Martens-Latem,3493,331,201.0,212.0,5.47,123.0,151.0,22.76,True,1068.0,1300.0,458.0,690.0,10.86,0.38,-7.21,-11.16,116.0,5.0,-33.0,-77.0
44081,44000,Zulte,6143,1118,313.0,375.0,19.81,148.0,109.0,-26.35,True,2012.0,2394.0,1006.0,1386.0,6.91,0.46,6.46,3.17,139.0,11.0,65.0,44.0
44085,44000,Lievegem,10623,1666,393.0,275.0,-30.03,294.0,226.0,-23.13,True,3556.0,4356.0,1660.0,2169.0,11.19,-3.47,3.01,5.44,398.0,-151.0,50.0,118.0
35002,35000,Bredene,5949,4466,453.0,96.0,-78.81,173.0,101.0,-41.62,True,3027.0,3287.0,1053.0,1203.0,18.3,6.57,1.71,11.8,554.0,216.0,18.0,142.0
35005,35000,Gistel,4491,973,258.0,332.0,28.68,191.0,92.0,-51.83,True,1593.0,1960.0,802.0,985.0,11.55,6.58,6.11,8.83,184.0,129.0,49.0,87.0
35006,35000,Ichtegem,5793,609,391.0,255.0,-34.78,117.0,115.0,-1.71,True,1620.0,2353.0,959.0,1170.0,6.79,4.21,-1.67,3.25,110.0,99.0,-16.0,38.0
35011,35000,Middelkerke,6504,19865,1407.0,1050.0,-25.37,204.0,188.0,-7.84,True,4788.0,3871.0,884.0,1020.0,12.09,6.66,5.77,13.24,579.0,258.0,51.0,135.0
35013,35000,Oostende,19020,33222,1945.0,1559.0,-19.85,466.0,472.0,1.29,True,17952.0,11521.0,3458.0,4330.0,8.59,-0.74,-1.21,6.67,1542.0,-85.0,-42.0,289.0
35014,35000,Oudenburg,3784,936,676.0,176.0,-73.96,92.0,68.0,-26.09,True,1280.0,1635.0,663.0,784.0,16.02,0.55,-9.95,6.89,205.0,9.0,-66.0,54.0
35029,35000,De Haan,5997,8923,520.0,225.0,-56.73,131.0,148.0,12.98,True,2785.0,2619.0,592.0,657.0,10.09,1.91,-1.52,11.42,281.0,50.0,-9.0,75.0
42003,42000,Berlare,5955,1130,337.0,292.0,-13.35,113.0,91.0,-19.47,True,2142.0,2584.0,949.0,1229.0,19.05,5.8,6.53,-0.98,408.0,150.0,62.0,-12.0
42004,42000,Buggenhout,5595,1091,259.0,224.0,-13.51,121.0,136.0,12.4,True,1906.0,2322.0,928.0,1257.0,9.29,-1.72,3.02,3.18,177.0,-40.0,28.0,40.0
42006,42000,Dendermonde,16247,5853,758.0,548.0,-27.7,390.0,313.0,-19.74,True,7522.0,7298.0,2763.0,3654.0,12.55,2.58,2.06,7.96,944.0,188.0,57.0,291.0
42008,42000,Hamme (Dendermonde),9429,2125,294.0,153.0,-47.96,235.0,255.0,8.51,True,3579.0,3776.0,1601.0,2120.0,8.58,8.42,5.87,1.04,307.0,318.0,94.0,22.0
42010,42000,Laarne,4937,702,219.0,159.0,-27.4,124.0,112.0,-9.68,True,1675.0,2017.0,752.0,1021.0,9.91,-3.27,-10.11,-1.96,166.0,-66.0,-76.0,-20.0
42011,42000,Lebbeke,7144,1825,315.0,385.0,22.22,138.0,128.0,-7.25,True,2812.0,2895.0,1299.0,1711.0,18.92,4.32,5.0,13.38,532.0,125.0,65.0,229.0
42023,42000,Waasmunster,4293,578,272.0,183.0,-32.72,99.0,98.0,-1.01,True,1275.0,1797.0,669.0,969.0,6.04,-0.5,1.49,6.3,77.0,-9.0,10.0,61.0
42025,42000,Wetteren,9238,3356,569.0,451.0,-20.74,241.0,152.0,-36.93,True,4317.0,4108.0,1592.0,2177.0,12.65,0.63,15.14,21.36,546.0,26.0,241.0,465.0
42026,42000,Wichelen,4702,777,246.0,217.0,-11.79,128.0,95.0,-25.78,True,1667.0,1867.0,783.0,984.0,10.62,0.59,-1.4,7.11,177.0,11.0,-11.0,70.0
42028,42000,Zele,7674,1632,185.0,221.0,19.46,156.0,153.0,-1.92,True,2671.0,3021.0,1282.0,1957.0,5.47,10.29,9.67,1.48,146.0,311.0,124.0,29.0
41002,41000,Aalst (Aalst),29303,12870,1132.0,778.0,-31.27,655.0,545.0,-16.79,True,14743.0,13308.0,5412.0,7418.0,12.91,9.3,13.27,15.85,1903.0,1237.0,718.0,1176.0
41011,41000,Denderleeuw,6799,2114,151.0,167.0,10.6,142.0,133.0,-6.34,True,2622.0,2926.0,1246.0,1958.0,8.05,10.59,18.38,9.91,211.0,310.0,229.0,194.0
41018,41000,Geraardsbergen,13500,2776,683.0,333.0,-51.24,285.0,224.0,-21.4,True,5147.0,5143.0,2305.0,2688.0,10.55,4.74,-1.48,9.34,543.0,244.0,-34.0,251.0
41024,41000,Haaltert,7333,1368,315.0,237.0,-24.76,152.0,150.0,-1.32,True,2727.0,3060.0,1230.0,1560.0,17.49,5.39,-0.57,9.94,477.0,165.0,-7.0,155.0
41027,41000,Herzele,7024,1595,518.0,292.0,-43.63,193.0,153.0,-20.73,True,2543.0,2867.0,1298.0,1534.0,16.28,12.31,-3.93,18.58,414.0,353.0,-51.0,285.0
41034,41000,Lede,7538,1209,336.0,244.0,-27.38,149.0,131.0,-12.08,True,2714.0,3017.0,1256.0,1543.0,12.45,10.71,-1.43,4.86,338.0,323.0,-18.0,75.0
41048,41000,Ninove,13717,4390,436.0,485.0,11.24,348.0,219.0,-37.07,True,5606.0,5909.0,2489.0,3371.0,12.38,4.92,7.96,15.6,694.0,291.0,198.0,526.0
41063,41000,Sint-Lievens-Houtem,4088,673,391.0,283.0,-27.62,103.0,103.0,0.0,True,1417.0,1563.0,735.0,916.0,16.58,13.69,-5.17,13.43,235.0,214.0,-38.0,123.0
41081,41000,Zottegem,10386,3032,535.0,369.0,-31.03,255.0,252.0,-1.18,True,4539.0,4308.0,1726.0,2132.0,7.71,5.69,1.56,16.28,350.0,245.0,27.0,347.0
41082,41000,Erpe-Mere,7966,1329,360.0,171.0,-52.5,167.0,160.0,-4.19,True,2708.0,3194.0,1379.0,1657.0,5.32,2.47,-7.47,14.18,144.0,79.0,-103.0,235.0
82009,82000,Fauvillers,1062,53,60.0,38.0,-36.67,31.0,25.0,-19.35,False,,,,,,,,,,,,
82014,82000,Houffalize,2805,317,132.0,167.0,26.52,54.0,38.0,-29.63,False,,,,,,,,,,,,
82032,82000,Vielsalm,3528,684,76.0,56.0,-26.32,75.0,65.0,-13.33,False,,,,,,,,,,,,
82036,82000,Vaux-sur-Sûre,2382,230,229.0,149.0,-34.93,51.0,53.0,3.92,False,,,,,,,,,,,,
82037,82000,Gouvy,2533,209,64.0,80.0,25.0,45.0,40.0,-11.11,False,,,,,,,,,,,,
82038,82000,Sainte-Ode,1191,37,39.0,48.0,23.08,23.0,29.0,26.09,False,,,,,,,,,,,,
13001,13000,Arendonk,4645,963,248.0,109.0,-56.05,109.0,88.0,-19.27,True,1759.0,2036.0,794.0,1168.0,18.36,7.56,5.67,-1.97,323.0,154.0,45.0,-23.0
13002,13000,Baarle-Hertog,1073,289,105.0,51.0,-51.43,32.0,19.0,-40.62,True,420.0,488.0,159.0,280.0,15.0,22.34,30.19,4.29,63.0,109.0,48.0,12.0
13003,13000,Balen,8906,1383,624.0,248.0,-60.26,157.0,145.0,-7.64,True,2931.0,3594.0,1498.0,1993.0,6.89,8.49,3.07,4.57,202.0,305.0,46.0,91.0
13004,13000,Beerse,6495,1376,302.0,272.0,-9.93,111.0,125.0,12.61,True,2073.0,2796.0,1215.0,1641.0,15.05,6.69,7.9,3.66,312.0,187.0,96.0,60.0
13006,13000,Dessel,3606,659,280.0,227.0,-18.93,73.0,42.0,-42.47,True,1126.0,1546.0,562.0,894.0,11.63,3.1,29.89,2.01,131.0,48.0,168.0,18.0
13008,13000,Geel,12629,7485,1103.0,777.0,-29.56,226.0,195.0,-13.72,True,6521.0,6390.0,2499.0,3392.0,16.68,8.47,7.72,13.68,1088.0,541.0,193.0,464.0
13010,13000,Grobbendonk,4244,865,204.0,183.0,-10.29,79.0,74.0,-6.33,True,1410.0,1944.0,752.0,905.0,6.1,-7.41,-5.85,14.14,86.0,-144.0,-44.0,128.0
13011,13000,Herentals,9388,4333,463.0,387.0,-16.41,217.0,215.0,-0.92,True,4790.0,4773.0,1751.0,2029.0,15.09,0.29,-0.34,13.9,723.0,14.0,-6.0,282.0
13012,13000,Herenthout,3364,863,119.0,124.0,4.2,60.0,50.0,-16.67,True,1338.0,1658.0,606.0,689.0,25.56,6.33,2.31,12.77,342.0,105.0,14.0,88.0
13013,13000,Herselt,5600,689,263.0,203.0,-22.81,104.0,72.0,-30.77,True,1868.0,2362.0,980.0,1188.0,6.91,5.12,-0.82,9.76,129.0,121.0,-8.0,116.0
13014,13000,Hoogstraten,7087,2607,427.0,488.0,14.29,141.0,136.0,-3.55,True,2639.0,3388.0,1294.0,2019.0,5.34,-1.86,18.08,1.29,141.0,-63.0,234.0,26.0
13016,13000,Hulshout,3829,910,158.0,121.0,-23.42,65.0,63.0,-3.08,True,1533.0,1763.0,699.0,777.0,16.11,9.25,-7.15,11.45,247.0,163.0,-50.0,89.0
13017,13000,Kasterlee,6962,1647,530.0,341.0,-35.66,147.0,128.0,-12.93,True,2445.0,3206.0,1165.0,1621.0,12.72,0.03,9.27,6.66,311.0,1.0,108.0,108.0
13019,13000,Lille,5925,1229,365.0,295.0,-19.18,111.0,110.0,-0.9,True,2047.0,2794.0,959.0,1444.0,16.46,-2.33,10.01,2.63,337.0,-65.0,96.0,38.0
13021,13000,Meerhout,3895,675,218.0,133.0,-38.99,71.0,62.0,-12.68,True,1402.0,1673.0,633.0,823.0,12.05,6.93,-0.95,2.19,169.0,116.0,-6.0,18.0
13023,13000,Merksplas,2898,655,191.0,205.0,7.33,61.0,72.0,18.03,True,888.0,1301.0,509.0,797.0,11.94,1.84,12.18,-4.52,106.0,24.0,62.0,-36.0
13025,13000,Mol,13004,4834,879.0,820.0,-6.71,232.0,189.0,-18.53,True,5548.0,6059.0,2297.0,3067.0,11.81,2.97,9.84,8.64,655.0,180.0,226.0,265.0
13029,13000,Olen,4613,931,269.0,125.0,-53.53,66.0,115.0,74.24,True,1555.0,2046.0,788.0,1043.0,8.62,-1.66,0.0,-3.64,134.0,-34.0,0.0,-38.0
13031,13000,Oud-Turnhout,5146,1057,584.0,165.0,-71.75,87.0,119.0,36.78,True,1590.0,2300.0,869.0,1354.0,12.39,3.74,16.46,1.48,197.0,86.0,143.0,20.0
13035,13000,Ravels,5496,1241,626.0,590.0,-5.75,89.0,92.0,3.37,True,1758.0,2492.0,937.0,1354.0,14.62,3.21,14.41,6.87,257.0,80.0,135.0,93.0
13036,13000,Retie,4170,836,277.0,120.0,-56.68,95.0,67.0,-29.47,True,1193.0,1917.0,699.0,1071.0,10.14,-0.68,9.16,14.29,121.0,-13.0,64.0,153.0
13037,13000,Rijkevorsel,4149,952,151.0,259.0,71.52,64.0,88.0,37.5,True,1541.0,1790.0,755.0,1187.0,16.61,5.87,12.72,2.61,256.0,105.0,96.0,31.0
13040,13000,Turnhout,12649,9881,888.0,660.0,-25.68,339.0,231.0,-31.86,True,8038.0,6897.0,2597.0,3868.0,8.9,1.81,22.83,25.13,715.0,125.0,593.0,972.0
13044,13000,Vorselaar,2953,607,131.0,139.0,6.11,58.0,60.0,3.45,True,1070.0,1291.0,499.0,651.0,14.39,4.34,2.81,2.76,154.0,56.0,14.0,18.0
13046,13000,Vosselaar,4091,965,276.0,126.0,-54.35,116.0,79.0,-31.9,True,1257.0,1854.0,695.0,1092.0,14.08,7.61,13.53,-1.28,177.0,141.0,94.0,-14.0
13049,13000,Westerlo,9247,2034,294.0,258.0,-12.24,140.0,129.0,-7.86,True,3259.0,4054.0,1562.0,2128.0,10.49,0.54,5.31,8.88,342.0,22.0,83.0,189.0
13053,13000,Laakdal,6477,1083,385.0,279.0,-27.53,132.0,104.0,-21.21,True,2358.0,2736.0,1040.0,1333.0,12.17,7.16,-0.77,5.63,287.0,196.0,-8.0,75.0
84009,84000,Bertrix,3605,694,171.0,83.0,-51.46,48.0,49.0,2.08,False,,,,,,,,,,,,
84010,84000,Bouillon,2806,355,83.0,78.0,-6.02,36.0,38.0,5.56,False,,,,,,,,,,,,
84016,84000,Daverdisse,859,16,21.0,30.0,42.86,21.0,22.0,4.76,False,,,,,,,,,,,,
84029,84000,Herbeumont,890,60,37.0,20.0,-45.95,27.0,18.0,-33.33,False,,,,,,,,,,,,
84033,84000,Léglise,2306,147,128.0,97.0,-24.22,62.0,54.0,-12.9,False,,,,,,,,,,,,
84035,84000,Libin,2542,200,101.0,51.0,-49.5,41.0,35.0,-14.63,False,,,,,,,,,,,,
84043,84000,Neufchâteau (Neufchâteau),3193,488,259.0,293.0,13.13,76.0,60.0,-21.05,False,,,,,,,,,,,,
84050,84000,Paliseul,2351,333,70.0,74.0,5.71,56.0,46.0,-17.86,False,,,,,,,,,,,,
84059,84000,Saint-Hubert,2724,182,59.0,74.0,25.42,26.0,24.0,-7.69,False,,,,,,,,,,,,
84068,84000,Tellin,1125,37,35.0,37.0,5.71,23.0,23.0,0.0,False,,,,,,,,,,,,
84075,84000,Wellin,1410,133,20.0,45.0,125.0,23.0,34.0,47.83,False,,,,,,,,,,,,
84077,84000,Libramont-Chevigny,4398,1305,361.0,156.0,-56.79,58.0,69.0,18.97,False,,,,,,,,,,,,
62003,62000,Ans,10311,2889,342.0,246.0,-28.07,180.0,145.0,-19.44,False,,,,,,,,,,,,
62006,62000,Awans,3609,486,68.0,52.0,-23.53,62.0,44.0,-29.03,False,,,,,,,,,,,,
62009,62000,Aywaille,4702,1031,231.0,148.0,-35.93,138.0,128.0,-7.25,False,,,,,,,,,,,,
62011,62000,Bitsingen,3639,508,78.0,72.0,-7.69,83.0,63.0,-24.1,False,,,,,,,,,,,,
62015,62000,Beyne-Heusay,4827,611,70.0,49.0,-30.0,104.0,79.0,-24.04,False,,,,,,,,,,,,
62022,62000,Chaudfontaine,8311,1835,192.0,115.0,-40.1,198.0,150.0,-24.24,False,,,,,,,,,,,,
62026,62000,Comblain-au-Pont,2328,136,57.0,44.0,-22.81,41.0,37.0,-9.76,False,,,,,,,,,,,,
62027,62000,Dalhem,2928,580,99.0,82.0,-17.17,65.0,69.0,6.15,False,,,,,,,,,,,,
62032,62000,Esneux,5275,1330,96.0,87.0,-9.38,157.0,145.0,-7.64,False,,,,,,,,,,,,
62038,62000,Fléron,5976,1875,261.0,155.0,-40.61,113.0,86.0,-23.89,False,,,,,,,,,,,,
62051,62000,Herstal,14223,3330,307.0,326.0,6.19,299.0,221.0,-26.09,False,,,,,,,,,,,,
62060,62000,Juprelle,3600,700,143.0,151.0,5.59,78.0,75.0,-3.85,False,,,,,,,,,,,,
62063,62000,Luik,62272,43818,1155.0,705.0,-38.96,1215.0,932.0,-23.29,False,,,,,,,,,,,,
62079,62000,Oupeye,9548,2135,546.0,210.0,-61.54,187.0,139.0,-25.67,False,,,,,,,,,,,,
62093,62000,Saint-Nicolas (Luik),8752,2161,112.0,86.0,-23.21,126.0,98.0,-22.22,False,,,,,,,,,,,,
62096,62000,Seraing,21522,9029,334.0,210.0,-37.13,394.0,271.0,-31.22,False,,,,,,,,,,,,
62099,62000,Soumagne,6341,1168,118.0,98.0,-16.95,118.0,113.0,-4.24,False,,,,,,,,,,,,
62100,62000,Sprimont,5775,961,156.0,150.0,-3.85,155.0,123.0,-20.65,False,,,,,,,,,,,,
62108,62000,Wezet,6499,1687,201.0,373.0,85.57,143.0,110.0,-23.08,False,,,,,,,,,,,,
62118,62000,Grâce-Hollogne,8362,1824,73.0,111.0,52.05,108.0,76.0,-29.63,False,,,,,,,,,,,,
62119,62000,Blegny,5237,707,260.0,124.0,-52.31,129.0,103.0,-20.16,False,,,,,,,,,,,,
62120,62000,Flémalle,10235,2390,354.0,147.0,-58.47,180.0,141.0,-21.67,False,,,,,,,,,,,,
62121,62000,Neupré,4137,406,74.0,43.0,-41.89,121.0,97.0,-19.83,False,,,,,,,,,,,,
62122,62000,Trooz,3438,411,142.0,42.0,-70.42,64.0,50.0,-21.88,False,,,,,,,,,,,,
12002,12000,Berlaar,4237,1099,387.0,273.0,-29.46,137.0,71.0,-48.18,True,1517.0,1897.0,703.0,998.0,10.74,4.01,5.12,4.51,163.0,76.0,36.0,45.0
12005,12000,Bonheiden,5777,801,246.0,170.0,-30.89,139.0,201.0,44.6,True,1676.0,2301.0,944.0,1383.0,5.01,-0.74,5.4,12.08,84.0,-17.0,51.0,167.0
12007,12000,Bornem,7582,2760,356.0,281.0,-21.07,242.0,187.0,-22.73,True,3269.0,3559.0,1365.0,1734.0,19.79,3.6,0.44,6.98,647.0,128.0,6.0,121.0
12009,12000,Duffel,5688,2144,337.0,179.0,-46.88,143.0,101.0,-29.37,True,2401.0,2618.0,1067.0,1548.0,3.21,8.21,12.65,12.08,77.0,215.0,135.0,187.0
12014,12000,Heist-op-den-Berg,16283,4189,964.0,654.0,-32.16,322.0,275.0,-14.6,True,6204.0,7203.0,2735.0,3502.0,15.91,2.15,1.46,9.94,987.0,155.0,40.0,348.0
12021,12000,Lier,11326,7227,749.0,497.0,-33.64,322.0,294.0,-8.7,True,6657.0,5887.0,2202.0,2977.0,16.1,5.96,10.22,17.0,1072.0,351.0,225.0,506.0
12025,12000,Mechelen,25720,15269,1528.0,1095.0,-28.34,889.0,961.0,8.1,True,13851.0,11609.0,4793.0,7983.0,8.51,7.5,13.12,6.49,1179.0,871.0,629.0,518.0
12026,12000,Nijlen,8703,1785,523.0,296.0,-43.4,193.0,176.0,-8.81,True,2871.0,3687.0,1504.0,1975.0,11.15,3.91,3.32,4.91,320.0,144.0,50.0,97.0
12029,12000,Putte,6601,1995,566.0,332.0,-41.34,133.0,132.0,-0.75,True,2556.0,3010.0,1172.0,1547.0,14.4,7.24,11.6,15.26,368.0,218.0,136.0,236.0
12035,12000,Sint-Katelijne-Waver,7521,1532,600.0,252.0,-58.0,193.0,232.0,20.21,True,2432.0,3074.0,1246.0,2003.0,7.77,1.33,12.6,7.64,189.0,41.0,157.0,153.0
12040,12000,Willebroek,8712,3661,987.0,351.0,-64.44,206.0,202.0,-1.94,True,3559.0,3654.0,1611.0,2675.0,16.63,7.8,15.27,11.51,592.0,285.0,246.0,308.0
12041,12000,Puurs-Sint-Amands,9370,2528,930.0,508.0,-45.38,308.0,234.0,-24.03,True,3303.0,3991.0,1703.0,2340.0,15.02,7.74,-0.82,8.29,496.0,309.0,-14.0,194.0
58001,58000,La Louvière,30264,6389,343.0,199.0,-41.98,478.0,252.0,-47.28,False,,,,,,,,,,,,
58002,58000,Binche,13868,2106,295.0,274.0,-7.12,266.0,167.0,-37.22,False,,,,,,,,,,,,
58003,58000,Estinnes,3234,172,138.0,66.0,-52.17,70.0,90.0,28.57,False,,,,,,,,,,,,
58004,58000,Morlanwelz,7458,1160,99.0,45.0,-54.55,113.0,83.0,-26.55,False,,,,,,,,,,,,
64008,64000,Berloz,1281,132,85.0,41.0,-51.76,20.0,30.0,50.0,False,,,,,,,,,,,,
64015,64000,Braives,2632,135,81.0,75.0,-7.41,104.0,79.0,-24.04,False,,,,,,,,,,,,
64021,64000,Crisnée,1240,308,70.0,42.0,-40.0,43.0,44.0,2.33,False,,,,,,,,,,,,
64023,64000,Donceel,1201,206,39.0,48.0,23.08,31.0,40.0,29.03,False,,,,,,,,,,,,
64025,64000,Fexhe-le-Haut-Clocher,1308,153,39.0,12.0,-69.23,27.0,18.0,-33.33,False,,,,,,,,,,,,
64029,64000,Geer,1310,157,25.0,20.0,-20.0,53.0,38.0,-28.3,False,,,,,,,,,,,,
64034,64000,Hannuit,5839,1682,273.0,145.0,-46.89,113.0,103.0,-8.85,False,,,,,,,,,,,,
64047,64000,Lijsem,1322,102,28.0,12.0,-57.14,21.0,23.0,9.52,False,,,,,,,,,,,,
64056,64000,Oerle,1541,244,51.0,23.0,-54.9,36.0,26.0,-27.78,False,,,,,,,,,,,,
64063,64000,Remicourt,2262,326,29.0,34.0,17.24,52.0,44.0,-15.38,False,,,,,,,,,,,,
64065,64000,Saint-Georges-sur-Meuse,2896,352,70.0,78.0,11.43,60.0,55.0,-8.33,False,,,,,,,,,,,,
64074,64000,Borgworm,4844,2557,81.0,65.0,-19.75,83.0,48.0,-42.17,False,,,,,,,,,,,,
64075,64000,Wasseiges,1144,98,56.0,86.0,53.57,20.0,14.0,-30.0,False,,,,,,,,,,,,
64076,64000,Faimes,1546,161,65.0,41.0,-36.92,49.0,33.0,-32.65,False,,,,,,,,,,,,
92003,92000,Andenne,9635,3176,387.0,559.0,44.44,244.0,169.0,-30.74,False,,,,,,,,,,,,
92006,92000,Assesse,2753,264,87.0,66.0,-24.14,68.0,60.0,-11.76,False,,,,,,,,,,,,
92035,92000,Eghezée,5898,961,215.0,170.0,-20.93,167.0,124.0,-25.75,False,,,,,,,,,,,,
92045,92000,Floreffe,3151,288,57.0,151.0,164.91,71.0,72.0,1.41,False,,,,,,,,,,,,
92048,92000,Fosses-la-Ville,3899,550,111.0,156.0,40.54,110.0,92.0,-16.36,False,,,,,,,,,,,,
92054,92000,Gesves,2956,245,109.0,80.0,-26.61,104.0,68.0,-34.62,False,,,,,,,,,,,,
92087,92000,Mettet,5319,583,198.0,114.0,-42.42,134.0,98.0,-26.87,False,,,,,,,,,,,,
92094,92000,Namen,35353,20008,1053.0,973.0,-7.6,796.0,641.0,-19.47,False,,,,,,,,,,,,
92097,92000,Ohey,2060,285,80.0,131.0,63.75,71.0,70.0,-1.41,False,,,,,,,,,,,,
92101,92000,Profondeville,4747,855,158.0,165.0,4.43,128.0,105.0,-17.97,False,,,,,,,,,,,,
92114,92000,Sombreffe,3109,317,34.0,17.0,-50.0,75.0,38.0,-49.33,False,,,,,,,,,,,,
92137,92000,Sambreville,10515,2333,172.0,149.0,-13.37,170.0,113.0,-33.53,False,,,,,,,,,,,,
92138,92000,Fernelmont,2963,398,125.0,150.0,20.0,81.0,57.0,-29.63,False,,,,,,,,,,,,
92140,92000,Jemeppe-sur-Sambre,7357,869,125.0,93.0,-25.6,121.0,112.0,-7.44,False,,,,,,,,,,,,
92141,92000,La Bruyère,3472,244,126.0,55.0,-56.35,118.0,74.0,-37.29,False,,,,,,,,,,,,
92142,92000,Gembloux,8515,3259,229.0,124.0,-45.85,267.0,139.0,-47.94,False,,,,,,,,,,,,
61003,61000,Amay,5647,956,172.0,105.0,-38.95,110.0,103.0,-6.36,False,,,,,,,,,,,,
61010,61000,Burdinne,1363,53,30.0,29.0,-3.33,32.0,28.0,-12.5,False,,,,,,,,,,,,
61012,61000,Clavier,2039,89,95.0,52.0,-45.26,65.0,60.0,-7.69,False,,,,,,,,,,,,
61019,61000,Ferrières,2259,141,96.0,70.0,-27.08,74.0,55.0,-25.68,False,,,,,,,,,,,,
61024,61000,Hamoir,1653,162,38.0,36.0,-5.26,37.0,35.0,-5.41,False,,,,,,,,,,,,
61028,61000,Héron,2230,99,101.0,54.0,-46.53,75.0,56.0,-25.33,False,,,,,,,,,,,,
61031,61000,Hoei,7210,3600,341.0,154.0,-54.84,124.0,119.0,-4.03,False,,,,,,,,,,,,
61039,61000,Marchin,2346,214,74.0,78.0,5.41,54.0,67.0,24.07,False,,,,,,,,,,,,
61041,61000,Modave,1702,185,78.0,32.0,-58.97,51.0,35.0,-31.37,False,,,,,,,,,,,,
61043,61000,Nandrin,2342,126,59.0,96.0,62.71,78.0,46.0,-41.03,False,,,,,,,,,,,,
61048,61000,Ouffet,1181,110,49.0,20.0,-59.18,30.0,15.0,-50.0,False,,,,,,,,,,,,
61063,61000,Verlaine,1636,173,46.0,56.0,21.74,51.0,31.0,-39.22,False,,,,,,,,,,,,
61068,61000,Villers-Le-Bouillet,2655,229,142.0,82.0,-42.25,66.0,52.0,-21.21,False,,,,,,,,,,,,
61072,61000,Wanze,5273,1047,92.0,83.0,-9.78,133.0,95.0,-28.57,False,,,,,,,,,,,,
61079,61000,Anthisnes,1854,83,44.0,24.0,-45.45,51.0,39.0,-23.53,False,,,,,,,,,,,,
61080,61000,Engis,2529,363,118.0,31.0,-73.73,39.0,30.0,-23.08,False,,,,,,,,,,,,
61081,61000,Tinlot,1088,49,28.0,45.0,60.71,31.0,25.0,-19.35,False,,,,,,,,,,,,
57003,57000,Antoing,3289,475,59.0,71.0,20.34,55.0,36.0,-34.55,False,,,,,,,,,,,,
57018,57000,Celles (Doornik),2390,122,62.0,127.0,104.84,53.0,35.0,-33.96,False,,,,,,,,,,,,
57027,57000,Estaimpuis,4531,199,133.0,81.0,-39.1,80.0,88.0,10.0,False,,,,,,,,,,,,
57062,57000,Pecq,2436,192,156.0,12.0,-92.31,40.0,27.0,-32.5,False,,,,,,,,,,,,
57064,57000,Péruwelz,7463,790,134.0,104.0,-22.39,166.0,138.0,-16.87,False,,,,,,,,,,,,
57072,57000,Rumes,2321,98,39.0,8.0,-79.49,36.0,26.0,-27.78,False,,,,,,,,,,,,
57081,57000,Doornik,28500,7430,331.0,301.0,-9.06,424.0,370.0,-12.74,False,,,,,,,,,,,,
57093,57000,Brunehaut,3541,61,53.0,37.0,-30.19,60.0,37.0,-38.33,False,,,,,,,,,,,,
57094,57000,Leuze-en-Hainaut,5634,1013,82.0,40.0,-51.22,99.0,61.0,-38.38,False,,,,,,,,,,,,
57095,57000,Mont-de-l'Enclus,1629,78,68.0,29.0,-57.35,39.0,21.0,-46.15,False,,,,,,,,,,,,
57096,57000,Moeskroen,22150,4873,323.0,202.0,-37.46,407.0,368.0,-9.58,False,,,,,,,,,,,,
57097,57000,Komen-Waasten,7483,917,154.0,89.0,-42.21,134.0,116.0,-13.43,False,,,,,,,,,,,,
71002,71000,As,2816,740,169.0,132.0,-21.89,59.0,76.0,28.81,True,992.0,1223.0,558.0,708.0,13.71,12.51,-1.61,4.1,136.0,153.0,-9.0,29.0
71004,71000,Beringen,16218,3709,952.0,663.0,-30.36,259.0,279.0,7.72,True,5333.0,6705.0,3027.0,4447.0,17.57,9.81,1.65,-4.25,937.0,658.0,50.0,-189.0
71011,71000,Diepenbeek,6873,3634,411.0,628.0,52.8,168.0,131.0,-22.02,True,2514.0,3054.0,1200.0,1604.0,7.2,1.93,0.75,7.23,181.0,59.0,9.0,116.0
71016,71000,Genk,18854,9797,1031.0,1124.0,9.02,346.0,332.0,-4.05,True,9045.0,9048.0,4122.0,6031.0,15.43,8.24,4.46,0.23,1396.0,746.0,184.0,14.0
71017,71000,Gingelom,3552,294,203.0,73.0,-64.04,94.0,47.0,-50.0,True,1023.0,1271.0,575.0,736.0,5.57,4.72,-7.48,0.27,57.0,60.0,-43.0,2.0
71020,71000,Halen,3462,787,141.0,146.0,3.55,79.0,76.0,-3.8,True,1278.0,1518.0,527.0,787.0,8.92,1.71,1.52,-9.78,114.0,26.0,8.0,-77.0
71024,71000,Herk-de-Stad,4823,859,373.0,105.0,-71.85,103.0,94.0,-8.74,True,1518.0,2045.0,780.0,1039.0,2.04,4.94,-0.77,-7.99,31.0,101.0,-6.0,-83.0
71034,71000,Leopoldsburg,5520,2041,621.0,512.0,-17.55,104.0,103.0,-0.96,True,2477.0,2532.0,1004.0,1328.0,12.92,8.14,6.77,5.65,320.0,206.0,68.0,75.0
71037,71000,Lummen,5788,1074,326.0,451.0,38.34,134.0,115.0,-14.18,True,1830.0,2526.0,1010.0,1252.0,11.97,3.05,-8.81,13.26,219.0,77.0,-89.0,166.0
71045,71000,Nieuwerkerken (Hasselt),2848,290,153.0,46.0,-69.93,61.0,35.0,-42.62,True,832.0,1094.0,483.0,593.0,0.24,-2.93,-8.28,-9.78,2.0,-32.0,-40.0,-58.0
71053,71000,Sint-Truiden,14147,5514,703.0,575.0,-18.21,302.0,308.0,1.99,True,6853.0,6589.0,2615.0,2909.0,14.14,2.02,-2.14,15.09,969.0,133.0,-56.0,439.0
71066,71000,Zonhoven,7562,1784,491.0,409.0,-16.7,174.0,141.0,-18.97,True,2631.0,3415.0,1398.0,1819.0,7.98,2.61,-6.37,-6.32,210.0,89.0,-89.0,-115.0
71067,71000,Zutendaal,2537,824,171.0,139.0,-18.71,65.0,58.0,-10.77,True,941.0,1263.0,480.0,545.0,11.05,3.4,-1.67,13.39,104.0,43.0,-8.0,73.0
71070,71000,Heusden-Zolder,11435,2937,621.0,569.0,-8.37,232.0,169.0,-27.16,True,3793.0,4881.0,2181.0,3248.0,8.04,6.99,7.98,-2.43,305.0,341.0,174.0,-79.0
72003,72000,Bocholt,4871,1237,355.0,187.0,-47.32,109.0,91.0,-16.51,True,1741.0,2197.0,825.0,1123.0,13.38,-1.09,-3.03,2.76,233.0,-24.0,-25.0,31.0
72004,72000,Bree,5629,2611,536.0,350.0,-34.7,116.0,104.0,-10.34,True,2465.0,2616.0,1008.0,1326.0,3.41,5.58,8.04,4.07,84.0,146.0,81.0,54.0
72018,72000,Kinrooi,4807,566,316.0,132.0,-58.23,95.0,79.0,-16.84,True,1391.0,2021.0,746.0,1044.0,11.36,-4.06,-3.89,-4.69,158.0,-82.0,-29.0,-49.0
72020,72000,Lommel,12097,3605,845.0,521.0,-38.34,183.0,171.0,-6.56,True,4407.0,5865.0,2134.0,2756.0,10.28,4.26,-6.0,-3.08,453.0,250.0,-128.0,-85.0
72021,72000,Maaseik,8877,2791,678.0,471.0,-30.53,197.0,160.0,-18.78,True,3615.0,4014.0,1620.0,2069.0,9.96,7.27,-6.36,-2.17,360.0,292.0,-103.0,-45.0
72030,72000,Peer,6060,1324,308.0,260.0,-15.58,161.0,102.0,-36.65,True,2108.0,2573.0,971.0,1437.0,12.43,1.36,3.71,-8.14,262.0,35.0,36.0,-117.0
72037,72000,Hamont-Achel,5191,1207,336.0,245.0,-27.08,93.0,104.0,11.83,True,1820.0,2355.0,772.0,1193.0,7.97,3.23,3.5,-6.71,145.0,76.0,27.0,-80.0
72038,72000,Hechtel-Eksel,4818,767,265.0,166.0,-37.36,92.0,73.0,-20.65,True,1478.0,1956.0,817.0,1141.0,16.98,2.81,-1.47,7.1,251.0,55.0,-12.0,81.0
72039,72000,Houthalen-Helchteren,10318,2649,606.0,491.0,-18.98,169.0,192.0,13.61,True,3358.0,4440.0,2002.0,2882.0,13.46,5.18,1.25,0.28,452.0,230.0,25.0,8.0
72041,72000,Dilsen-Stokkem,7441,1603,428.0,390.0,-8.88,178.0,162.0,-8.99,True,2521.0,3157.0,1431.0,1780.0,14.08,5.92,-5.31,2.98,355.0,187.0,-76.0,53.0
72042,72000,Oudsbergen,8617,1460,423.0,323.0,-23.64,192.0,141.0,-26.56,True,2652.0,3769.0,1477.0,2131.0,18.25,2.02,1.22,-4.5,484.0,76.0,18.0,-96.0
72043,72000,Pelt,11160,4158,723.0,560.0,-22.54,209.0,169.0,-19.14,True,4548.0,5514.0,1930.0,2878.0,14.47,1.52,4.77,5.42,658.0,84.0,92.0,156.0
34002,34000,Anzegem,5978,849,496.0,276.0,-44.35,185.0,122.0,-34.05,True,1826.0,2349.0,948.0,1351.0,12.1,4.73,5.38,6.14,221.0,111.0,51.0,83.0
34003,34000,Avelgem,3972,801,341.0,133.0,-61.0,105.0,87.0,-17.14,True,1468.0,1567.0,628.0,864.0,9.47,3.45,16.24,16.44,139.0,54.0,102.0,142.0
34009,34000,Deerlijk,4908,719,406.0,152.0,-62.56,123.0,91.0,-26.02,True,1580.0,1929.0,743.0,1106.0,3.42,1.76,8.21,6.69,54.0,34.0,61.0,74.0
34013,34000,Harelbeke,10545,3211,482.0,341.0,-29.25,280.0,241.0,-13.93,True,4296.0,4829.0,1671.0,2465.0,11.36,3.38,18.07,10.26,488.0,163.0,302.0,253.0
34022,34000,Kortrijk,28687,10037,1167.0,1754.0,50.3,974.0,766.0,-21.36,True,13175.0,11444.0,4154.0,6347.0,10.54,6.1,8.52,5.2,1388.0,698.0,354.0,330.0
34023,34000,Kuurne,5105,1151,266.0,117.0,-56.02,113.0,115.0,1.77,True,1910.0,2055.0,839.0,1217.0,4.87,0.05,12.99,17.91,93.0,1.0,109.0,218.0
34025,34000,Lendelede,2234,351,69.0,48.0,-30.43,58.0,47.0,-18.97,True,761.0,963.0,312.0,497.0,6.96,3.12,10.26,5.03,53.0,30.0,32.0,25.0
34027,34000,Menen,13130,2435,307.0,409.0,33.22,345.0,281.0,-18.55,True,5273.0,4989.0,2036.0,2810.0,14.89,4.17,11.89,11.96,785.0,208.0,242.0,336.0
34040,34000,Waregem,13841,4706,1111.0,849.0,-23.58,294.0,313.0,6.46,True,5608.0,6376.0,2304.0,3221.0,8.13,4.34,7.64,11.49,456.0,277.0,176.0,370.0
34041,34000,Wevelgem,12406,1872,391.0,297.0,-24.04,359.0,274.0,-23.68,True,4108.0,4981.0,1840.0,2729.0,-0.39,-2.97,8.32,4.36,-16.0,-148.0,153.0,119.0
34042,34000,Zwevegem,10029,1565,588.0,433.0,-26.36,238.0,179.0,-24.79,True,3226.0,3989.0,1534.0,2182.0,9.49,0.48,4.3,3.8,306.0,19.0,66.0,83.0
34043,34000,Spiere-Helkijn,840,85,22.0,10.0,-54.55,32.0,18.0,-43.75,True,269.0,315.0,128.0,169.0,-4.46,20.63,-9.38,-27.22,-12.0,65.0,-12.0,-46.0
46020,46000,Sint-Gillis-Waas,7323,1424,493.0,212.0,-57.0,156.0,153.0,-1.92,True,2477.0,3034.0,1248.0,1725.0,13.04,-1.42,5.37,8.81,323.0,-43.0,67.0,152.0
46021,46000,Sint-Niklaas (Sint-Niklaas),23835,12593,951.0,939.0,-1.26,567.0,542.0,-4.41,True,12254.0,11050.0,4587.0,7204.0,8.65,10.52,22.13,13.27,1060.0,1162.0,1015.0,956.0
46024,46000,Stekene,7161,1607,664.0,584.0,-12.05,167.0,136.0,-18.56,True,2587.0,3088.0,1224.0,1569.0,11.13,0.62,-1.63,8.41,288.0,19.0,-20.0,132.0
46025,46000,Temse,9760,3994,617.0,518.0,-16.05,211.0,185.0,-12.32,True,4351.0,4636.0,1891.0,2660.0,7.86,3.65,9.47,12.33,342.0,169.0,179.0,328.0
73001,73000,Alken,4383,807,194.0,184.0,-5.15,113.0,107.0,-5.31,True,1444.0,1811.0,756.0,962.0,2.77,7.95,-5.42,0.52,40.0,144.0,-41.0,5.0
73022,73000,Heers,2944,450,130.0,94.0,-27.69,77.0,62.0,-19.48,True,864.0,1217.0,553.0,604.0,9.49,6.98,-5.79,20.36,82.0,85.0,-32.0,123.0
73028,73000,Herstappe,28,1,0.0,2.0,,2.0,1.0,-50.0,False,,,,,,,,,,,,
73042,73000,Lanaken,8419,3907,415.0,278.0,-33.01,215.0,228.0,6.05,True,3650.0,4371.0,1650.0,1938.0,8.58,-3.59,-2.55,8.93,313.0,-157.0,-42.0,173.0
73066,73000,Riemst,6509,967,274.0,255.0,-6.93,125.0,109.0,-12.8,True,2042.0,2556.0,1131.0,1404.0,8.67,-1.76,-3.71,-5.06,177.0,-45.0,-42.0,-71.0
73098,73000,Wellen,2885,514,128.0,162.0,26.56,67.0,54.0,-19.4,True,950.0,1240.0,483.0,544.0,3.26,-2.34,-9.94,-3.12,31.0,-29.0,-48.0,-17.0
73107,73000,Maasmechelen,12098,5190,1293.0,858.0,-33.64,344.0,217.0,-36.92,True,5145.0,5631.0,2631.0,3598.0,15.61,11.92,4.9,8.03,803.0,671.0,129.0,289.0
73109,73000,Voeren,1857,236,121.0,57.0,-52.89,94.0,70.0,-25.53,True,593.0,670.0,282.0,344.0,2.7,0.3,0.0,0.0,16.0,2.0,0.0,0.0
81001,81000,Aarlen,9715,5543,741.0,834.0,12.55,188.0,156.0,-17.02,False,,,,,,,,,,,,
81003,81000,Attert,2164,203,81.0,63.0,-22.22,45.0,50.0,11.11,False,,,,,,,,,,,,
81004,81000,Aubange,6231,1729,197.0,161.0,-18.27,110.0,78.0,-29.09,False,,,,,,,,,,,,
81013,81000,Martelange,790,208,96.0,50.0,-47.92,13.0,11.0,-15.38,False,,,,,,,,,,,,
81015,81000,Messancy,3234,678,143.0,87.0,-39.16,48.0,52.0,8.33,False,,,,,,,,,,,,
85007,85000,Chiny,2447,133,78.0,20.0,-74.36,40.0,30.0,-25.0,False,,,,,,,,,,,,
85009,85000,Etalle,2343,223,107.0,45.0,-57.94,57.0,22.0,-61.4,False,,,,,,,,,,,,
85011,85000,Florenville,2755,356,88.0,99.0,12.5,47.0,48.0,2.13,False,,,,,,,,,,,,
85024,85000,Meix-devant-Virton,1332,44,30.0,16.0,-46.67,28.0,17.0,-39.29,False,,,,,,,,,,,,
85026,85000,Musson,1880,157,76.0,34.0,-55.26,38.0,39.0,2.63,False,,,,,,,,,,,,
85034,85000,Saint-Léger (Virton),1477,150,45.0,48.0,6.67,38.0,32.0,-15.79,False,,,,,,,,,,,,
85039,85000,Tintigny,1763,204,83.0,86.0,3.61,44.0,34.0,-22.73,False,,,,,,,,,,,,
85045,85000,Virton,4658,788,117.0,33.0,-71.79,77.0,50.0,-35.06,False,,,,,,,,,,,,
85046,85000,Habay,3287,439,163.0,227.0,39.26,73.0,55.0,-24.66,False,,,,,,,,,,,,
85047,85000,Rouvroy,905,55,13.0,23.0,76.92,9.0,13.0,44.44,False,,,,,,,,,,,,
38002,38000,Alveringem,2158,89,84.0,115.0,36.9,69.0,48.0,-30.43,True,625.0,643.0,303.0,484.0,2.08,8.09,8.25,-16.12,13.0,52.0,25.0,-78.0
38008,38000,De Panne,3661,10469,431.0,367.0,-14.85,134.0,129.0,-3.73,True,2608.0,2034.0,549.0,617.0,7.71,5.65,6.01,6.81,201.0,115.0,33.0,42.0
38014,38000,Koksijde,8338,19784,986.0,972.0,-1.42,288.0,300.0,4.17,True,4873.0,4814.0,898.0,962.0,6.77,-1.64,1.34,9.25,330.0,-79.0,12.0,89.0
38016,38000,Nieuwpoort,3353,13275,803.0,836.0,4.11,125.0,117.0,-6.4,True,2704.0,2426.0,496.0,501.0,14.64,6.47,9.27,8.58,396.0,157.0,46.0,43.0
38025,38000,Veurne,4616,1491,345.0,293.0,-15.07,153.0,119.0,-22.22,True,2065.0,2009.0,753.0,907.0,14.72,0.0,5.98,11.14,304.0,0.0,45.0,101.0
45035,45000,Oudenaarde,11639,3828,722.0,461.0,-36.15,361.0,292.0,-19.11,True,5296.0,4928.0,1991.0,2593.0,13.31,8.97,-2.86,9.33,705.0,442.0,-57.0,242.0
45041,45000,Ronse,9550,2977,944.0,449.0,-52.44,218.0,176.0,-19.27,True,4082.0,3424.0,1466.0,2463.0,7.99,12.21,17.12,-0.32,326.0,418.0,251.0,-8.0
45059,45000,Brakel,6178,694,300.0,179.0,-40.33,160.0,147.0,-8.12,True,1969.0,2329.0,1040.0,1174.0,9.5,6.4,-0.19,17.63,187.0,149.0,-2.0,207.0
45060,45000,Kluisbergen,2784,326,149.0,176.0,18.12,86.0,67.0,-22.09,True,931.0,1029.0,395.0,584.0,13.86,4.66,2.78,-10.96,129.0,48.0,11.0,-64.0
45061,45000,Wortegem-Petegem,2700,120,94.0,219.0,132.98,99.0,60.0,-39.39,True,650.0,961.0,419.0,587.0,0.0,1.04,-17.42,-12.1,0.0,10.0,-73.0,-71.0
45062,45000,Horebeke,844,12,24.0,49.0,104.17,27.0,22.0,-18.52,True,196.0,298.0,126.0,157.0,4.08,-6.04,-37.3,-40.76,8.0,-18.0,-47.0,-64.0
45063,45000,Lierde,2732,375,70.0,60.0,-14.29,71.0,69.0,-2.82,True,811.0,1039.0,446.0,585.0,-0.49,2.69,0.45,1.71,-4.0,28.0,2.0,10.0
45064,45000,Maarkedal,2654,84,87.0,89.0,2.3,87.0,80.0,-8.05,True,673.0,972.0,362.0,549.0,15.75,1.44,-2.49,0.18,106.0,14.0,-9.0,1.0
45065,45000,Zwalm,3416,220,185.0,93.0,-49.73,108.0,66.0,-38.89,True,997.0,1264.0,513.0,735.0,13.44,3.32,-6.24,-5.17,134.0,42.0,-32.0,-38.0
45068,45000,Kruisem,6284,776,351.0,273.0,-22.22,184.0,148.0,-19.57,True,1918.0,2461.0,1019.0,1398.0,15.12,3.82,-0.1,1.57,290.0,94.0,-1.0,22.0
52010,52000,Chapelle-lez-Herlaimont,5747,1282,132.0,72.0,-45.45,141.0,107.0,-24.11,False,,,,,,,,,,,,
52011,52000,Charleroi,74247,23641,431.0,433.0,0.46,937.0,661.0,-29.46,False,,,,,,,,,,,,
52012,52000,Châtelet,13563,3075,77.0,100.0,29.87,180.0,131.0,-27.22,False,,,,,,,,,,,,
52015,52000,Courcelles,12519,1839,170.0,398.0,134.12,192.0,190.0,-1.04,False,,,,,,,,,,,,
52018,52000,Farciennes,4090,642,31.0,42.0,35.48,58.0,52.0,-10.34,False,,,,,,,,,,,,
52021,52000,Fleurus,8773,1553,129.0,166.0,28.68,122.0,124.0,1.64,False,,,,,,,,,,,,
52022,52000,Fontaine-l'Evêque,7101,1301,131.0,267.0,103.82,146.0,111.0,-23.97,False,,,,,,,,,,,,
52025,52000,Gerpinnes,5287,692,98.0,172.0,75.51,112.0,97.0,-13.39,False,,,,,,,,,,,,
52048,52000,Montigny-le-Tilleul,4314,495,44.0,58.0,31.82,86.0,70.0,-18.6,False,,,,,,,,,,,,
52055,52000,Pont-à-Celles,6846,771,135.0,107.0,-20.74,129.0,82.0,-36.43,False,,,,,,,,,,,,
52074,52000,Aiseau-Presles,4525,402,135.0,83.0,-38.52,61.0,72.0,18.03,False,,,,,,,,,,,,
52075,52000,Les Bons Villers,3747,522,112.0,96.0,-14.29,109.0,82.0,-24.77,False,,,,,,,,,,,,
32003,32000,Diksmuide,6635,1438,556.0,445.0,-19.96,211.0,166.0,-21.33,True,2660.0,2614.0,1019.0,1426.0,14.06,10.33,14.62,-1.12,374.0,270.0,149.0,-16.0
32006,32000,Houthulst,4139,337,305.0,309.0,1.31,136.0,83.0,-38.97,True,1375.0,1407.0,674.0,919.0,9.24,4.69,-3.41,-7.29,127.0,66.0,-23.0,-67.0
32010,32000,Koekelare,3490,552,142.0,174.0,22.54,90.0,69.0,-23.33,True,1218.0,1453.0,579.0,668.0,8.54,-1.17,4.49,7.78,104.0,-17.0,26.0,52.0
32011,32000,Kortemark,5112,555,282.0,168.0,-40.43,137.0,91.0,-33.58,True,1525.0,2006.0,830.0,1088.0,12.85,0.1,-1.57,8.64,196.0,2.0,-13.0,94.0
32030,32000,Lo-Reninge,1331,43,51.0,42.0,-17.65,55.0,30.0,-45.45,True,341.0,483.0,185.0,287.0,0.88,12.22,3.78,-25.09,3.0,59.0,7.0,-72.0
56001,56000,Anderlues,5004,892,126.0,165.0,30.95,90.0,78.0,-13.33,False,,,,,,,,,,,,
56005,56000,Beaumont,2998,230,64.0,22.0,-65.62,47.0,23.0,-51.06,False,,,,,,,,,,,,
56016,56000,Chimay,4286,337,45.0,62.0,37.78,83.0,79.0,-4.82,False,,,,,,,,,,,,
56022,56000,Erquelinnes,4259,199,42.0,45.0,7.14,66.0,44.0,-33.33,False,,,,,,,,,,,,
56029,56000,Froidchapelle,1486,152,46.0,29.0,-36.96,29.0,40.0,37.93,False,,,,,,,,,,,,
56044,56000,Lobbes,2493,228,47.0,43.0,-8.51,43.0,51.0,18.6,False,,,,,,,,,,,,
56049,56000,Merbes-le-Château,1815,60,20.0,9.0,-55.0,31.0,29.0,-6.45,False,,,,,,,,,,,,
56051,56000,Momignies,2410,128,14.0,14.0,0.0,33.0,34.0,3.03,False,,,,,,,,,,,,
56078,56000,Thuin,6229,844,126.0,102.0,-19.05,112.0,103.0,-8.04,False,,,,,,,,,,,,
56086,56000,Ham-sur-Heure-Nalinnes,5897,406,87.0,97.0,11.49,150.0,123.0,-18.0,False,,,,,,,,,,,,
56088,56000,Sivry-Rance,2245,114,65.0,19.0,-70.77,35.0,61.0,74.29,False,,,,,,,,,,,,
24001,24000,Aarschot,11426,3709,679.0,410.0,-39.62,203.0,235.0,15.76,True,5248.0,4958.0,1904.0,2274.0,6.97,1.94,1.52,16.71,366.0,96.0,29.0,380.0
24007,24000,Begijnendijk,4092,584,284.0,273.0,-3.87,78.0,64.0,-17.95,True,1207.0,1764.0,666.0,864.0,13.67,6.97,-6.01,2.89,165.0,123.0,-40.0,25.0
24008,24000,Bekkevoort,2553,280,141.0,117.0,-17.02,49.0,55.0,12.24,True,944.0,1035.0,408.0,547.0,5.51,6.47,-3.68,-1.83,52.0,67.0,-15.0,-10.0
24009,24000,Bertem,3725,621,213.0,269.0,26.29,111.0,100.0,-9.91,True,1182.0,1434.0,574.0,1004.0,3.81,1.95,15.85,0.5,45.0,28.0,91.0,5.0
24011,24000,Bierbeek,3783,702,247.0,269.0,8.91,87.0,91.0,4.6,True,1227.0,1501.0,603.0,982.0,18.99,6.26,12.6,-0.1,233.0,94.0,76.0,-1.0
24014,24000,Boortmeerbeek,4856,667,154.0,305.0,98.05,132.0,155.0,17.42,True,1472.0,1951.0,848.0,1256.0,12.64,8.92,-1.06,12.98,186.0,174.0,-9.0,163.0
24016,24000,Boutersem,3257,301,260.0,92.0,-64.62,73.0,74.0,1.37,True,1005.0,1158.0,544.0,808.0,10.85,9.15,-7.72,0.74,109.0,106.0,-42.0,6.0
24020,24000,Diest,8450,3404,683.0,501.0,-26.65,178.0,160.0,-10.11,True,3758.0,3889.0,1472.0,1954.0,11.42,5.3,12.98,7.88,429.0,206.0,191.0,154.0
24028,24000,Geetbets,2581,153,92.0,71.0,-22.83,31.0,45.0,45.16,True,678.0,975.0,439.0,532.0,8.7,1.64,-7.97,6.39,59.0,16.0,-35.0,34.0
24033,24000,Haacht,5853,869,268.0,205.0,-23.51,225.0,143.0,-36.44,True,1901.0,2362.0,992.0,1364.0,15.47,5.0,0.3,10.41,294.0,118.0,3.0,142.0
24038,24000,Herent,7494,2537,516.0,183.0,-64.53,179.0,183.0,2.23,True,3028.0,3355.0,1228.0,2089.0,14.04,11.3,10.99,1.63,425.0,379.0,135.0,34.0
24041,24000,Hoegaarden,2611,496,146.0,116.0,-20.55,76.0,81.0,6.58,True,820.0,969.0,432.0,597.0,1.95,11.46,-7.18,-7.54,16.0,111.0,-31.0,-45.0
24043,24000,Holsbeek,3865,491,175.0,111.0,-36.57,84.0,99.0,17.86,True,1210.0,1403.0,643.0,948.0,10.99,4.21,-5.91,0.53,133.0,59.0,-38.0,5.0
24045,24000,Huldenberg,3838,340,197.0,116.0,-41.12,97.0,76.0,-21.65,True,1084.0,1403.0,620.0,973.0,5.17,4.49,-0.97,3.29,56.0,63.0,-6.0,32.0
24048,24000,Keerbergen,5260,644,397.0,313.0,-21.16,102.0,117.0,14.71,True,1456.0,2145.0,816.0,1144.0,6.87,0.7,-2.57,10.49,100.0,15.0,-21.0,120.0
24054,24000,Kortenaken,3339,103,250.0,133.0,-46.8,82.0,69.0,-15.85,True,814.0,1283.0,492.0,679.0,13.39,-1.4,-2.85,-2.65,109.0,-18.0,-14.0,-18.0
24055,24000,Kortenberg,6772,2018,257.0,199.0,-22.57,176.0,137.0,-22.16,True,2580.0,2791.0,1292.0,1999.0,5.81,0.64,14.71,8.6,150.0,18.0,190.0,172.0
24059,24000,Landen,6200,1033,219.0,99.0,-54.79,100.0,104.0,4.0,True,2225.0,2488.0,1005.0,1350.0,16.4,4.86,1.79,7.56,365.0,121.0,18.0,102.0
24062,24000,Leuven,28346,37581,1466.0,934.0,-36.29,1517.0,1499.0,-1.19,True,25025.0,13924.0,4923.0,7744.0,3.28,13.52,3.31,-2.36,820.0,1882.0,163.0,-183.0
24066,24000,Lubbeek,5551,941,357.0,112.0,-68.63,121.0,151.0,24.79,True,1631.0,2376.0,858.0,1363.0,19.25,-1.09,12.35,12.84,314.0,-26.0,106.0,175.0
24086,24000,Oud-Heverlee,4295,486,122.0,138.0,13.11,116.0,89.0,-23.28,True,1172.0,1678.0,632.0,1119.0,12.88,-2.03,12.18,-9.92,151.0,-34.0,77.0,-111.0
24094,24000,Rotselaar,6343,1113,518.0,410.0,-20.85,133.0,135.0,1.5,True,2069.0,2606.0,1080.0,1613.0,13.44,8.02,0.56,4.65,278.0,209.0,6.0,75.0
24104,24000,Tervuren,7757,1987,446.0,101.0,-77.35,276.0,209.0,-24.28,True,2549.0,2525.0,1477.0,2511.0,1.84,-9.58,11.78,8.36,47.0,-242.0,174.0,210.0
24107,24000,Tienen,12564,4552,341.0,178.0,-47.8,235.0,210.0,-10.64,True,6229.0,5159.0,2144.0,2872.0,12.97,5.64,7.37,11.42,808.0,291.0,158.0,328.0
24109,24000,Tremelo,6075,733,313.0,131.0,-58.15,85.0,88.0,3.53,True,1903.0,2583.0,995.0,1173.0,18.97,3.68,-2.51,8.27,361.0,95.0,-25.0,97.0
24130,24000,Zoutleeuw,3514,355,177.0,81.0,-54.24,57.0,52.0,-8.77,True,1126.0,1371.0,569.0,678.0,15.72,-1.09,-4.57,11.21,177.0,-15.0,-26.0,76.0
24133,24000,Linter,3108,155,89.0,109.0,22.47,45.0,56.0,24.44,True,920.0,1163.0,487.0,581.0,11.3,-0.77,-2.67,12.56,104.0,-9.0,-13.0,73.0
24134,24000,Scherpenheuvel-Zichem,9656,1363,609.0,570.0,-6.4,137.0,143.0,4.38,True,3578.0,4052.0,1454.0,1750.0,14.78,-1.41,-3.85,14.29,529.0,-57.0,-56.0,250.0
24135,24000,Tielt-Winge,4360,513,315.0,229.0,-27.3,91.0,87.0,-4.4,True,1365.0,1712.0,757.0,985.0,8.06,-3.86,-1.45,8.43,110.0,-66.0,-11.0,83.0
24137,24000,Glabbeek,2206,130,80.0,128.0,60.0,53.0,41.0,-22.64,True,570.0,826.0,365.0,455.0,10.7,3.51,-20.0,-14.29,61.0,29.0,-73.0,-65.0
91005,91000,Anhée,2957,265,41.0,20.0,-51.22,58.0,29.0,-50.0,False,,,,,,,,,,,,
91013,91000,Beauraing,4208,471,166.0,150.0,-9.64,72.0,57.0,-20.83,False,,,,,,,,,,,,
91015,91000,Bièvre,1650,151,90.0,60.0,-33.33,22.0,23.0,4.55,False,,,,,,,,,,,,
91030,91000,Ciney,5984,2147,245.0,216.0,-11.84,166.0,150.0,-9.64,False,,,,,,,,,,,,
91034,91000,Dinant,5059,1658,66.0,123.0,86.36,62.0,67.0,8.06,False,,,,,,,,,,,,
91054,91000,Gedinne,2344,160,74.0,38.0,-48.65,32.0,16.0,-50.0,False,,,,,,,,,,,,
91059,91000,Hamois,2965,156,81.0,81.0,0.0,111.0,82.0,-26.13,False,,,,,,,,,,,,
91064,91000,Havelange,2203,156,68.0,54.0,-20.59,63.0,54.0,-14.29,False,,,,,,,,,,,,
91072,91000,Houyet,2422,212,96.0,107.0,11.46,34.0,47.0,38.24,False,,,,,,,,,,,,
91103,91000,Onhaye,1444,98,44.0,31.0,-29.55,42.0,34.0,-19.05,False,,,,,,,,,,,,
91114,91000,Rochefort,5219,1097,119.0,109.0,-8.4,71.0,77.0,8.45,False,,,,,,,,,,,,
91120,91000,Somme-Leuze,2539,131,223.0,177.0,-20.63,74.0,54.0,-27.03,False,,,,,,,,,,,,
91141,91000,Yvoir,3605,389,83.0,115.0,38.55,83.0,87.0,4.82,False,,,,,,,,,,,,
91142,91000,Hastière,2506,256,63.0,81.0,28.57,29.0,25.0,-13.79,False,,,,,,,,,,,,
91143,91000,Vresse-sur-Semois,1707,257,31.0,30.0,-3.23,30.0,34.0,13.33,False,,,,,,,,,,,,
51004,51000,Aat,11549,3122,281.0,252.0,-10.32,208.0,158.0,-24.04,False,,,,,,,,,,,,
51008,51000,Beloeil,6088,487,56.0,75.0,33.93,134.0,111.0,-17.16,False,,,,,,,,,,,,
51009,51000,Bernissart,5206,324,143.0,104.0,-27.27,117.0,101.0,-13.68,False,,,,,,,,,,,,
51012,51000,Brugelette,1548,183,87.0,36.0,-58.62,33.0,29.0,-12.12,False,,,,,,,,,,,,
51014,51000,Chièvres,2923,184,47.0,75.0,59.57,63.0,49.0,-22.22,False,,,,,,,,,,,,
51017,51000,Elzele,2685,128,67.0,38.0,-43.28,57.0,65.0,14.04,False,,,,,,,,,,,,
51019,51000,Vloesberg,1487,136,31.0,29.0,-6.45,41.0,23.0,-43.9,False,,,,,,,,,,,,
51065,51000,Frasnes-lez-Anvaing,5173,357,129.0,95.0,-26.36,111.0,96.0,-13.51,False,,,,,,,,,,,,
51067,51000,Edingen,4633,1801,134.0,55.0,-58.96,108.0,80.0,-25.93,False,,,,,,,,,,,,
51068,51000,Opzullik,3408,145,84.0,53.0,-36.9,109.0,70.0,-35.78,False,,,,,,,,,,,,
51069,51000,Lessen,7791,854,131.0,97.0,-25.95,130.0,91.0,-30.0,False,,,,,,,,,,,,
21001,21000,Anderlecht,21569,29511,2462.0,2250.0,-8.61,442.0,271.0,-38.69,False,,,,,,,,,,,,
21002,21000,Oudergem,7480,9976,446.0,86.0,-80.72,381.0,327.0,-14.17,False,,,,,,,,,,,,
21003,21000,Sint-Agatha-Berchem,3917,6491,77.0,148.0,92.21,138.0,92.0,-33.33,False,,,,,,,,,,,,
21004,21000,Brussel,25861,64545,2200.0,1491.0,-32.23,566.0,512.0,-9.54,False,,,,,,,,,,,,
21005,21000,Etterbeek,8168,17463,45.0,68.0,51.11,339.0,233.0,-31.27,False,,,,,,,,,,,,
21006,21000,Evere,5020,14387,973.0,479.0,-50.77,171.0,96.0,-43.86,False,,,,,,,,,,,,
21007,21000,Vorst (Brussel-Hoofdstad),8579,17930,388.0,242.0,-37.63,264.0,223.0,-15.53,False,,,,,,,,,,,,
21008,21000,Ganshoren,2716,8892,53.0,158.0,198.11,102.0,74.0,-27.45,False,,,,,,,,,,,,
21009,21000,Elsene,15696,33518,139.0,392.0,182.01,437.0,450.0,2.97,False,,,,,,,,,,,,
21010,21000,Jette,7507,16053,71.0,261.0,267.61,248.0,173.0,-30.24,False,,,,,,,,,,,,
21011,21000,Koekelberg,2655,6779,176.0,33.0,-81.25,90.0,44.0,-51.11,False,,,,,,,,,,,,
21012,21000,Sint-Jans-Molenbeek,11490,26404,1069.0,262.0,-75.49,253.0,137.0,-45.85,False,,,,,,,,,,,,
21013,21000,Sint-Gillis,10869,13310,21.0,66.0,214.29,301.0,243.0,-19.27,False,,,,,,,,,,,,
21014,21000,Sint-Joost-ten-Node,3912,5508,0.0,107.0,,84.0,74.0,-11.9,False,,,,,,,,,,,,
21015,21000,Schaarbeek,25837,28469,285.0,342.0,20.0,469.0,365.0,-22.17,False,,,,,,,,,,,,
21016,21000,Ukkel,15311,27229,666.0,817.0,22.67,547.0,421.0,-23.03,False,,,,,,,,,,,,
21017,21000,Watermaal-Bosvoorde,6351,5647,299.0,268.0,-10.37,260.0,196.0,-24.62,False,,,,,,,,,,,,
21018,21000,Sint-Lambrechts-Woluwe,8577,22132,860.0,675.0,-21.51,376.0,289.0,-23.14,False,,,,,,,,,,,,
21019,21000,Sint-Pieters-Woluwe,8948,11335,118.0,59.0,-50.0,403.0,314.0,-22.08,False,,,,,,,,,,,,
31003,31000,Beernem,5990,1131,240.0,270.0,12.5,154.0,174.0,12.99,True,2063.0,2555.0,913.0,1356.0,12.12,1.06,8.87,5.01,250.0,27.0,81.0,68.0
31004,31000,Blankenberge,4467,14398,562.0,885.0,57.47,188.0,185.0,-1.6,True,5284.0,3819.0,994.0,1019.0,18.79,-4.24,4.63,13.25,993.0,-162.0,46.0,135.0
31005,31000,Brugge,44303,18484,1817.0,1320.0,-27.35,1589.0,1532.0,-3.59,True,22247.0,18780.0,6711.0,8455.0,4.48,-0.58,-0.82,5.46,997.0,-109.0,-55.0,462.0
31006,31000,Damme,4784,355,305.0,282.0,-7.54,159.0,137.0,-13.84,True,1425.0,1924.0,644.0,879.0,18.53,8.16,1.09,2.39,264.0,157.0,7.0,21.0
31012,31000,Jabbeke,5890,942,626.0,526.0,-15.97,171.0,160.0,-6.43,True,1761.0,2451.0,908.0,1152.0,14.82,-0.37,-11.67,-5.38,261.0,-9.0,-106.0,-62.0
31022,31000,Oostkamp,9041,1547,526.0,607.0,15.4,293.0,196.0,-33.11,True,2880.0,3833.0,1474.0,2125.0,6.67,-1.23,12.28,7.2,192.0,-47.0,181.0,153.0
31033,31000,Torhout,7750,2000,383.0,313.0,-18.28,202.0,156.0,-22.77,True,3049.0,3327.0,1196.0,1642.0,10.5,0.33,3.85,-3.53,320.0,11.0,46.0,-58.0
31040,31000,Zedelgem,8995,1298,698.0,661.0,-5.3,254.0,185.0,-27.17,True,2747.0,3844.0,1505.0,1983.0,15.36,4.99,5.18,7.36,422.0,192.0,78.0,146.0
31042,31000,Zuienkerke,1249,126,72.0,48.0,-33.33,42.0,34.0,-19.05,True,329.0,466.0,170.0,208.0,-4.56,0.64,-18.24,-29.33,-15.0,3.0,-31.0,-61.0
31043,31000,Knokke-Heist,9935,30772,2473.0,1144.0,-53.74,423.0,383.0,-9.46,True,7149.0,6379.0,1635.0,1627.0,3.15,-7.78,-7.34,16.96,225.0,-496.0,-120.0,276.0
25005,25000,Bevekom,2772,188,70.0,37.0,-47.14,42.0,40.0,-4.76,False,,,,,,,,,,,,
25014,25000,Eigenbrakel,13178,4246,166.0,179.0,7.83,228.0,127.0,-44.3,False,,,,,,,,,,,,
25015,25000,Kasteelbrakel,3843,527,99.0,55.0,-44.44,83.0,64.0,-22.89,False,,,,,,,,,,,,
25018,25000,Chaumont-Gistoux,4499,456,105.0,91.0,-13.33,100.0,86.0,-14.0,False,,,,,,,,,,,,
25023,25000,Court-Saint-Etienne,3532,927,194.0,309.0,59.28,66.0,59.0,-10.61,False,,,,,,,,,,,,
25031,25000,Genepiën,5862,970,198.0,172.0,-13.13,129.0,108.0,-16.28,False,,,,,,,,,,,,
25037,25000,Graven,5195,630,94.0,107.0,13.83,116.0,137.0,18.1,False,,,,,,,,,,,,
25043,25000,Incourt,2177,124,53.0,73.0,37.74,52.0,49.0,-5.77,False,,,,,,,,,,,,
25044,25000,Itter,2577,255,39.0,32.0,-17.95,63.0,46.0,-26.98,False,,,,,,,,,,,,
25048,25000,Geldenaken,5198,1059,185.0,186.0,0.54,97.0,86.0,-11.34,False,,,,,,,,,,,,
25050,25000,Terhulpen,2669,542,63.0,17.0,-73.02,61.0,36.0,-40.98,False,,,,,,,,,,,,
25068,25000,Mont-Saint-Guibert,2489,1175,185.0,120.0,-35.14,63.0,38.0,-39.68,False,,,,,,,,,,,,
25072,25000,Nijvel,7897,6188,345.0,193.0,-44.06,188.0,141.0,-25.0,False,,,,,,,,,,,,
25084,25000,Perwijs (Nijvel),3227,964,99.0,72.0,-27.27,78.0,55.0,-29.49,False,,,,,,,,,,,,
25091,25000,Rixensart,7941,1856,121.0,80.0,-33.88,207.0,202.0,-2.42,False,,,,,,,,,,,,
25105,25000,Tubeke,8016,3911,938.0,287.0,-69.4,113.0,123.0,8.85,False,,,,,,,,,,,,
25107,25000,Villers-la-Ville,4108,425,128.0,86.0,-32.81,143.0,81.0,-43.36,False,,,,,,,,,,,,
25110,25000,Waterloo,10105,3188,134.0,99.0,-26.12,287.0,227.0,-20.91,False,,,,,,,,,,,,
25112,25000,Waver,10606,4999,264.0,216.0,-18.18,230.0,191.0,-16.96,False,,,,,,,,,,,,
25117,25000,Chastre,2809,270,60.0,37.0,-38.33,71.0,66.0,-7.04,False,,,,,,,,,,,,
25118,25000,Hélécine,1449,156,71.0,36.0,-49.3,34.0,24.0,-29.41,False,,,,,,,,,,,,
25119,25000,Lasne,5557,422,188.0,91.0,-51.6,160.0,121.0,-24.38,False,,,,,,,,,,,,
25120,25000,Orp-Jauche,3418,257,112.0,60.0,-46.43,67.0,25.0,-62.69,False,,,,,,,,,,,,
25121,25000,Ottignies-Louvain-la-Neuve,8587,14158,349.0,174.0,-50.14,163.0,151.0,-7.36,False,,,,,,,,,,,,
25122,25000,Ramillies,2524,90,90.0,52.0,-42.22,75.0,58.0,-22.67,False,,,,,,,,,,,,
25123,25000,Rebecq,4231,389,84.0,34.0,-59.52,97.0,56.0,-42.27,False,,,,,,,,,,,,
25124,25000,Walhain,2672,351,67.0,36.0,-46.27,75.0,48.0,-36.0,False,,,,,,,,,,,,
37002,37000,Dentergem,3396,243,156.0,243.0,55.77,94.0,68.0,-27.66,True,946.0,1290.0,566.0,771.0,12.79,11.09,2.47,7.52,121.0,143.0,14.0,58.0
37010,37000,Oostrozebeke,3067,736,126.0,50.0,-60.32,84.0,57.0,-32.14,True,1015.0,1245.0,502.0,695.0,27.49,-1.45,-1.2,6.19,279.0,-18.0,-6.0,43.0
37011,37000,Pittem,2705,350,136.0,114.0,-16.18,49.0,45.0,-8.16,True,754.0,1089.0,434.0,565.0,1.06,1.74,-5.3,2.12,8.0,19.0,-23.0,12.0
37017,37000,Wielsbeke,3878,458,200.0,237.0,18.5,79.0,93.0,17.72,True,1138.0,1402.0,676.0,939.0,18.54,10.91,-1.33,-0.64,211.0,153.0,-9.0,-6.0
37020,37000,Ardooie,3840,491,339.0,243.0,-28.32,84.0,57.0,-32.14,True,1244.0,1496.0,512.0,777.0,4.42,-5.01,12.7,4.38,55.0,-75.0,65.0,34.0
11001,11000,Aartselaar,4393,2175,213.0,81.0,-61.97,122.0,126.0,3.28,True,1792.0,2409.0,857.0,1221.0,8.54,-2.91,5.13,7.45,153.0,-70.0,44.0,91.0
11002,11000,Antwerpen,104409,170219,4444.0,4540.0,2.16,3251.0,2961.0,-8.92,True,108934.0,62248.0,27298.0,45945.0,4.86,6.5,15.91,2.88,5289.0,4045.0,4342.0,1325.0
11004,11000,Boechout,3960,2054,262.0,156.0,-40.46,148.0,121.0,-18.24,True,1789.0,2044.0,825.0,1226.0,9.95,8.66,13.82,12.72,178.0,177.0,114.0,156.0
11005,11000,Boom,4942,3589,342.0,154.0,-54.97,120.0,82.0,-31.67,True,2783.0,2379.0,1028.0,1781.0,7.69,3.78,26.26,16.06,214.0,90.0,270.0,286.0
11008,11000,Brasschaat,11503,6120,381.0,409.0,7.35,411.0,330.0,-19.71,True,5301.0,6068.0,2325.0,3150.0,8.26,-6.05,7.78,16.38,438.0,-367.0,181.0,516.0
11009,11000,Brecht,10176,2447,452.0,465.0,2.88,208.0,169.0,-18.75,True,3329.0,4931.0,1865.0,2647.0,14.81,9.51,9.01,7.97,493.0,469.0,168.0,211.0
11013,11000,Edegem,6102,4759,1010.0,210.0,-79.21,255.0,309.0,21.18,True,3503.0,3329.0,1221.0,2001.0,5.51,4.45,7.86,10.94,193.0,148.0,96.0,219.0
11016,11000,Essen,6523,1587,271.0,196.0,-27.68,127.0,138.0,8.66,True,2264.0,2972.0,1180.0,1773.0,14.58,2.22,5.17,1.47,330.0,66.0,61.0,26.0
11018,11000,Hemiksem,3513,1669,134.0,99.0,-26.12,100.0,90.0,-10.0,True,1463.0,1742.0,757.0,1151.0,18.73,12.57,16.78,13.29,274.0,219.0,127.0,153.0
11021,11000,Hove (Antwerpen),2873,689,79.0,50.0,-36.71,143.0,105.0,-26.57,True,931.0,1235.0,488.0,790.0,-1.93,-1.62,4.92,7.22,-18.0,-20.0,24.0,57.0
11022,11000,Kalmthout,6594,1902,457.0,324.0,-29.1,194.0,170.0,-12.37,True,2360.0,3029.0,1077.0,1780.0,12.84,4.59,15.88,12.3,303.0,139.0,171.0,219.0
11023,11000,Kapellen (Antwerpen),9172,3054,424.0,268.0,-36.79,282.0,231.0,-18.09,True,3513.0,4380.0,1690.0,2346.0,11.61,6.76,0.24,12.49,408.0,296.0,4.0,293.0
11024,11000,Kontich,6792,2746,267.0,199.0,-25.47,220.0,182.0,-17.27,True,2694.0,3298.0,1233.0,1974.0,11.95,-1.67,7.06,8.16,322.0,-55.0,87.0,161.0
11025,11000,Lint,2606,1053,108.0,103.0,-4.63,84.0,72.0,-14.29,True,925.0,1332.0,527.0,757.0,13.51,-8.48,0.76,2.91,125.0,-113.0,4.0,22.0
11029,11000,Mortsel,7142,5153,252.0,176.0,-30.16,327.0,271.0,-17.13,True,4213.0,3619.0,1515.0,2311.0,5.41,7.9,10.43,9.3,228.0,286.0,158.0,215.0
11030,11000,Niel,3354,1336,121.0,162.0,33.88,79.0,71.0,-10.13,True,1492.0,1465.0,699.0,967.0,23.93,19.25,8.01,3.1,357.0,282.0,56.0,30.0
11035,11000,Ranst,6727,1823,339.0,333.0,-1.77,189.0,157.0,-16.93,True,2460.0,3175.0,1131.0,1690.0,19.43,4.91,3.8,7.99,478.0,156.0,43.0,135.0
11037,11000,Rumst,5378,1213,227.0,139.0,-38.77,164.0,143.0,-12.8,True,1757.0,2392.0,892.0,1381.0,11.33,4.22,8.52,0.36,199.0,101.0,76.0,5.0
11038,11000,Schelle,2807,952,80.0,129.0,61.25,56.0,53.0,-5.36,True,1067.0,1311.0,522.0,777.0,6.65,-1.75,11.88,12.36,71.0,-23.0,62.0,96.0
11039,11000,Schilde,7164,1638,549.0,349.0,-36.43,270.0,247.0,-8.52,True,2201.0,3314.0,1184.0,1794.0,6.04,-6.97,9.04,22.46,133.0,-231.0,107.0,403.0
11040,11000,Schoten,10118,5282,488.0,302.0,-38.11,423.0,339.0,-19.86,True,4579.0,5268.0,1969.0,2871.0,5.31,-1.21,2.64,6.86,243.0,-64.0,52.0,197.0
11044,11000,Stabroek,5762,2624,307.0,296.0,-3.58,122.0,76.0,-37.7,True,2506.0,3005.0,1223.0,1521.0,16.64,1.63,-1.31,3.09,417.0,49.0,-16.0,47.0
11050,11000,Wijnegem,2839,1762,108.0,96.0,-11.11,98.0,101.0,3.06,True,1363.0,1619.0,633.0,895.0,13.35,8.03,10.58,22.01,182.0,130.0,67.0,197.0
11052,11000,Wommelgem,3772,1923,162.0,165.0,1.85,100.0,106.0,6.0,True,1581.0,1991.0,762.0,1187.0,12.78,0.45,20.47,6.91,202.0,9.0,156.0,82.0
11053,11000,Wuustwezel,7119,1914,521.0,482.0,-7.49,135.0,118.0,-12.59,True,2590.0,3358.0,1307.0,1952.0,13.59,7.39,14.23,8.2,352.0,248.0,186.0,160.0
11054,11000,Zandhoven,4699,1188,388.0,328.0,-15.46,110.0,67.0,-39.09,True,1642.0,2161.0,760.0,1164.0,7.49,-2.36,11.45,9.28,123.0,-51.0,87.0,108.0
11055,11000,Zoersel,7939,1884,690.0,362.0,-47.54,185.0,150.0,-18.92,True,2710.0,3699.0,1285.0,1908.0,12.69,3.87,10.04,14.36,344.0,143.0,129.0,274.0
11057,11000,Malle,4996,1986,423.0,223.0,-47.28,110.0,99.0,-10.0,True,2102.0,2470.0,954.0,1384.0,20.36,15.26,16.25,9.25,428.0,377.0,155.0,128.0
53014,53000,Boussu,8511,1068,131.0,81.0,-38.17,145.0,90.0,-37.93,False,,,,,,,,,,,,
53020,53000,Dour,7414,427,121.0,81.0,-33.06,125.0,118.0,-5.6,False,,,,,,,,,,,,
53028,53000,Frameries,9270,954,117.0,109.0,-6.84,162.0,136.0,-16.05,False,,,,,,,,,,,,
53039,53000,Hensies,3031,165,47.0,34.0,-27.66,77.0,52.0,-32.47,False,,,,,,,,,,,,
53044,53000,Jurbeke,4479,422,195.0,98.0,-49.74,112.0,75.0,-33.04,False,,,,,,,,,,,,
53046,53000,Lens,1958,105,43.0,29.0,-32.56,34.0,27.0,-20.59,False,,,,,,,,,,,,
53053,53000,Bergen,37110,14839,1007.0,939.0,-6.75,694.0,560.0,-19.31,False,,,,,,,,,,,,
53065,53000,Quaregnon,8240,487,48.0,29.0,-39.58,122.0,70.0,-42.62,False,,,,,,,,,,,,
53068,53000,Quiévrain,2855,360,24.0,21.0,-12.5,68.0,34.0,-50.0,False,,,,,,,,,,,,
53070,53000,Saint-Ghislain,9476,2005,214.0,101.0,-52.8,206.0,150.0,-27.18,False,,,,,,,,,,,,
53082,53000,Colfontaine,8978,575,75.0,99.0,32.0,195.0,146.0,-25.13,False,,,,,,,,,,,,
53083,53000,Honnelles,2410,74,45.0,26.0,-42.22,44.0,30.0,-31.82,False,,,,,,,,,,,,
53084,53000,Quévy,3472,168,79.0,55.0,-30.38,70.0,28.0,-60.0,False,,,,,,,,,,,,
55004,55000,'s Gravenbrakel,7738,2295,175.0,167.0,-4.57,166.0,97.0,-41.57,False,,,,,,,,,,,,
55035,55000,Le Roeulx,3499,458,55.0,24.0,-56.36,73.0,33.0,-54.79,False,,,,,,,,,,,,
55040,55000,Zinnik,10395,2108,261.0,175.0,-32.95,239.0,177.0,-25.94,False,,,,,,,,,,,,
55050,55000,Ecaussinnes,4442,586,138.0,101.0,-26.81,82.0,68.0,-17.07,False,,,,,,,,,,,,
55085,55000,Seneffe,4514,732,90.0,38.0,-57.78,116.0,83.0,-28.45,False,,,,,,,,,,,,
55086,55000,Manage,8827,1446,96.0,70.0,-27.08,154.0,111.0,-27.92,False,,,,,,,,,,,,
33011,33000,Ieper,13465,3324,777.0,594.0,-23.55,431.0,415.0,-3.71,True,5756.0,5619.0,1929.0,2755.0,5.72,-0.93,3.89,4.36,329.0,-52.0,75.0,120.0
33016,33000,Mesen,471,27,10.0,29.0,190.0,6.0,14.0,133.33,True,194.0,145.0,65.0,86.0,26.8,6.21,-16.92,-23.26,52.0,9.0,-11.0,-20.0
33021,33000,Poperinge,8064,1552,467.0,398.0,-14.78,295.0,217.0,-26.44,True,2865.0,3073.0,1057.0,1658.0,9.95,2.31,8.99,-5.85,285.0,71.0,95.0,-97.0
33029,33000,Wervik,7432,985,301.0,207.0,-31.23,197.0,116.0,-41.12,True,2590.0,2907.0,1124.0,1614.0,9.61,2.27,12.63,4.96,249.0,66.0,142.0,80.0
33037,33000,Zonnebeke,4807,522,297.0,286.0,-3.7,136.0,135.0,-0.74,True,1640.0,1915.0,761.0,1094.0,15.79,12.58,3.42,-9.96,259.0,241.0,26.0,-109.0
33039,33000,Heuvelland,3448,167,174.0,131.0,-24.71,128.0,106.0,-17.19,True,1020.0,1252.0,463.0,703.0,6.18,6.87,13.17,1.42,63.0,86.0,61.0,10.0
33040,33000,Langemark-Poelkapelle,3263,295,193.0,179.0,-7.25,89.0,67.0,-24.72,True,904.0,1246.0,477.0,692.0,-0.11,7.95,0.42,-10.12,-1.0,99.0,2.0,-70.0
33041,33000,Vleteren,1470,41,75.0,96.0,28.0,48.0,34.0,-29.17,True,442.0,482.0,217.0,333.0,0.45,9.34,-7.83,-10.81,2.0,45.0,-17.0,-36.0
43002,43000,Assenede,5981,702,289.0,236.0,-18.34,124.0,118.0,-4.84,True,2063.0,2391.0,906.0,1150.0,9.06,4.48,6.62,16.61,187.0,107.0,60.0,191.0
43005,43000,Eeklo,7953,2970,478.0,472.0,-1.26,153.0,161.0,5.23,True,3945.0,3539.0,1316.0,1598.0,15.01,7.63,12.99,15.64,592.0,270.0,171.0,250.0
43007,43000,Kaprijke,2619,358,167.0,91.0,-45.51,63.0,57.0,-9.52,True,827.0,1027.0,389.0,559.0,7.74,-0.58,-0.77,-5.37,64.0,-6.0,-3.0,-30.0
43010,43000,Maldegem,9519,1861,582.0,415.0,-28.69,223.0,165.0,-26.01,True,3397.0,4003.0,1580.0,1937.0,11.66,1.07,-1.65,10.27,396.0,43.0,-26.0,199.0
43014,43000,Sint-Laureins,3023,217,155.0,113.0,-27.1,80.0,58.0,-27.5,True,850.0,1166.0,427.0,578.0,10.24,4.89,6.56,3.98,87.0,57.0,28.0,23.0
43018,43000,Zelzate,4721,1502,193.0,423.0,119.17,98.0,67.0,-31.63,True,1936.0,1879.0,845.0,1116.0,6.77,2.98,12.54,19.35,131.0,56.0,106.0,216.0
36006,36000,Hooglede,3900,431,270.0,219.0,-18.89,97.0,83.0,-14.43,True,1118.0,1593.0,612.0,876.0,10.73,5.15,8.33,-3.2,120.0,82.0,51.0,-28.0
36007,36000,Ingelmunster,4474,710,285.0,211.0,-25.96,125.0,90.0,-28.0,True,1503.0,1836.0,713.0,974.0,7.58,10.02,17.95,17.66,114.0,184.0,128.0,172.0
36008,36000,Izegem,11187,2429,751.0,249.0,-66.84,278.0,252.0,-9.35,True,4403.0,4476.0,1802.0,2297.0,8.59,4.27,4.77,15.76,378.0,191.0,86.0,362.0
36010,36000,Ledegem,3847,344,154.0,91.0,-40.91,104.0,94.0,-9.62,True,1142.0,1521.0,547.0,882.0,4.82,1.84,15.36,-3.85,55.0,28.0,84.0,-34.0
36011,36000,Lichtervelde,3505,600,248.0,173.0,-30.24,93.0,56.0,-39.78,True,1107.0,1400.0,609.0,796.0,13.64,3.36,-1.81,6.28,151.0,47.0,-11.0,50.0
36012,36000,Moorslede,4629,416,172.0,185.0,7.56,136.0,103.0,-24.26,True,1385.0,1774.0,684.0,1018.0,12.06,-1.52,12.57,4.62,167.0,-27.0,86.0,47.0
36015,36000,Roeselare,23431,7644,1565.0,901.0,-42.43,456.0,352.0,-22.81,True,10269.0,9987.0,3894.0,5398.0,14.83,11.49,7.6,5.87,1523.0,1148.0,296.0,317.0
36019,36000,Staden,4579,450,283.0,374.0,32.16,100.0,110.0,10.0,True,1415.0,1696.0,692.0,1054.0,12.79,7.08,9.68,2.66,181.0,120.0,67.0,28.0
