nis_code,dist_region_border_m,dist_region_border_centroid_m,dist_region_border_km,dist_region_border_centroid_km
11001,21992.920822519685,24300.203856870645,21.992920822519686,24.300203856870645
11002,25724.724004086802,38491.61757953014,25.724724004086802,38.491617579530136
11004,25559.35166083658,29188.62651615612,25.55935166083658,29.18862651615612
11005,18594.677766886616,20115.33527834307,18.594677766886615,20.11533527834307
11007,30244.261650353626,31481.2649331694,30.244261650353625,31.481264933169403
11008,39711.40315972561,44568.27163253596,39.71140315972561,44.56827163253596
11009,41522.89962069026,49570.77174861583,41.52289962069026,49.570771748615826
11013,25846.377840463203,27088.4933464826,25.8463778404632,27.0884933464826
11016,56072.037996421976,59802.60672555629,56.072037996421976,59.80260672555629
11018,24521.23184969158,25970.8201264402,24.52123184969158,25.970820126440202
11021,25074.417961278967,26630.489189940858,25.074417961278968,26.630489189940857
11022,49076.22337530796,54179.46383022066,49.07622337530796,54.179463830220655
11023,42288.61853133397,46865.08339649369,42.28861853133397,46.86508339649369
11024,20387.929016966347,23587.126960881382,20.387929016966346,23.58712696088138
11025,23235.504070950286,24742.32933259778,23.235504070950288,24.74232933259778
11029,27802.99650251691,29320.47683399439,27.802996502516912,29.32047683399439
11030,20666.88312505484,22032.359125127212,20.666883125054838,22.03235912512721
11035,28853.819727643186,33698.991217499184,28.853819727643184,33.698991217499184
11037,17877.210111741726,20085.151774210597,17.877210111741725,20.085151774210598
11038,22371.43865045104,23636.940244678524,22.37143865045104,23.636940244678524
11039,35548.077000010126,40105.68512666963,35.548077000010124,40.105685126669634
11040,36465.59822640205,39732.26632103718,36.46559822640205,39.73226632103718
11044,42823.29922209969,46189.89365495435,42.82329922209969,46.18989365495435
11050,34235.77199544413,36068.05533295383,34.235771995444125,36.06805533295383
11052,31475.677696148672,33582.15955368967,31.475677696148672,33.58215955368967
11053,48160.638289453105,55190.13414889849,48.160638289453104,55.190134148898494
11054,33250.982526733904,38206.54737269944,33.25098252673391,38.20654737269944
11055,37842.553390753594,42484.69722655246,37.842553390753594,42.48469722655246
11056,30640.094981873423,35008.726957665145,30.64009498187342,35.00872695766515
11057,43398.353947741234,47404.868770436166,43.398353947741235,47.40486877043617
12002,24160.77744201545,27627.118675948772,24.160777442015448,27.627118675948772
12005,13881.685716408532,16442.2177343573,13.881685716408532,16.4422177343573
12007,19330.03676664719,22487.77652966753,19.33003676664719,22.48777652966753
12009,18369.99895092127,21673.766179557464,18.369998950921268,21.673766179557465
12014,21727.911817261913,28833.908578306426,21.727911817261912,28.833908578306424
12021,20997.631506379,25632.834590973074,20.997631506378998,25.632834590973076
12025,9240.53682904412,13205.81946192474,9.240536829044121,13.20581946192474
12026,28185.235624606878,31886.576496120713,28.18523562460688,31.886576496120714
12029,17476.714767302736,22016.16331448062,17.476714767302735,22.016163314480618
12035,15504.411903416916,18857.215459591214,15.504411903416916,18.857215459591213
12040,11913.686718801608,15813.18543085187,11.913686718801607,15.81318543085187
12041,13770.118021361626,18162.762114594756,13.770118021361625,18.162762114594756
13001,58205.326658282254,63058.11839396908,58.20532665828225,63.05811839396908
13002,63481.238544448264,65841.9196374773,63.48123854444827,65.8419196374773
13003,39958.6512208312,45452.0243592289,39.9586512208312,45.4520243592289
13004,47603.362150923764,53240.24380447467,47.603362150923765,53.240243804474666
13006,50238.76514447743,53405.792159734985,50.23876514447743,53.405792159734986
13008,34031.87378922711,43040.95310803627,34.031873789227106,43.04095310803627
13010,34248.513567979004,37571.10198892733,34.248513567979,37.57110198892733
13011,33344.656357093474,40103.54097246934,33.34465635709348,40.10354097246934
13012,31861.179510641836,35124.135327104996,31.861179510641836,35.124135327104995
13013,23018.03386791939,28182.346875530697,23.01803386791939,28.182346875530698
13014,55881.331108678394,63723.15433722696,55.881331108678395,63.72315433722696
13016,24855.356438047118,28759.54008892301,24.855356438047117,28.75954008892301
13017,44126.406090986144,50249.34055077688,44.126406090986144,50.24934055077688
13019,43437.60636340517,48326.62669764826,43.437606363405166,48.32662669764826
13021,36860.07176848242,40001.20340608446,36.86007176848242,40.00120340608446
13023,55565.329692877625,60255.41139644443,55.565329692877626,60.25541139644443
13025,43211.435893287024,52970.35442334758,43.211435893287025,52.97035442334758
13029,37218.25360296867,40696.98147397866,37.218253602968666,40.69698147397866
13031,55276.2561361031,59765.861811132985,55.27625613610309,59.765861811132986
13035,62998.79895307864,70226.9480264383,62.99879895307864,70.22694802643831
13036,49782.2681169286,55761.24040591566,49.7822681169286,55.761240405915665
24133,3206.8043931925663,6803.281973832792,3.2068043931925665,6.803281973832791
24134,20623.477349877357,25507.944021144365,20.62347734987736,25.507944021144365
24135,11613.903970386998,15765.314244942741,11.613903970386998,15.765314244942742
24137,7446.729769325593,11120.135249185396,7.446729769325593,11.120135249185395
25005,0.0,3003.509147221156,0.0,3.003509147221156
25014,0.0,4472.661949519028,0.0,4.472661949519028
25015,0.0,1742.2317780594747,0.0,1.7422317780594747
25018,2643.763304491274,7434.3898996753305,2.6437633044912743,7.43438989967533
25023,8356.56096102113,11588.75674966356,8.356560961021131,11.58875674966356
25031,7912.782338014099,13261.409865504384,7.912782338014099,13.261409865504383
25037,0.0,2487.370490556531,0.0,2.487370490556531
25043,3839.7571094868854,8083.376131406903,3.8397571094868854,8.083376131406903
25044,1462.9189637728357,5285.674927606954,1.4629189637728357,5.285674927606954
25048,0.0,4005.6369276987184,0.0,4.005636927698719
25050,0.0,1681.784369710038,0.0,1.6817843697100379
25068,8986.636115947127,11665.080982450638,8.986636115947126,11.665080982450638
25072,7157.806271191499,11261.506516938247,7.157806271191499,11.261506516938248
25084,9857.102384686345,14712.951825391809,9.857102384686344,14.712951825391809
25091,0.0,785.4761408720924,0.0,0.7854761408720924
25105,0.0,1966.1323767377633,0.0,1.9661323767377632
25107,14229.30428993756,18421.91480582331,14.22930428993756,18.421914805823313
25110,0.0,2343.8965752290383,0.0,2.343896575229038
25112,0.0,2979.2646337770066,0.0,2.9792646337770066
25117,12646.348308915973,16870.47706694002,12.646348308915973,16.87047706694002
25118,0.0,1812.237879825592,0.0,1.812237879825592
25119,2161.558318487994,6372.669168663634,2.1615583184879936,6.372669168663634
25120,1142.6950498987385,6470.870760696026,1.1426950498987385,6.470870760696026
25121,3502.4949407860195,6965.716962164891,3.5024949407860193,6.965716962164891
25122,4662.0422098369445,10013.430228964362,4.662042209836945,10.013430228964362
25123,0.0,4353.777297219354,0.0,4.353777297219354
25124,10321.04839670248,13285.499488355372,10.32104839670248,13.285499488355372
31003,37545.56013368266,43509.610444698454,37.545560133682656,43.50961044469845
31004,52561.46427134609,55404.490983868294,52.56146427134609,55.40449098386829
31005,40196.19118913985,50889.60191582724,40.196191189139846,50.88960191582724
31006,47411.14276370782,54261.76712906568,47.41114276370782,54.26176712906568
31012,37712.21079470308,42587.76662339617,37.71221079470308,42.58776662339617
31022,30444.651394824697,37985.855726094254,30.444651394824696,37.98585572609426
31033,23337.555320978434,28816.623998872547,23.337555320978435,28.816623998872547
31040,31823.396737772608,36432.64433472104,31.823396737772608,36.43264433472104
31042,45437.50961228349,50193.3708311553,45.437509612283485,50.1933708311553
31043,57069.95913918053,61886.42468956115,57.06995913918053,61.88642468956115
32003,20954.679852715457,28235.11095384293,20.954679852715458,28.23511095384293
32006,15577.239078673412,19133.504205491885,15.577239078673411,19.133504205491885
32010,25926.92373324247,31110.323694233077,25.92692373324247,31.110323694233077
32011,19391.39962897515,23833.622150683917,19.391399628975147,23.83362215068392
32030,15054.572152531366,21791.32988020283,15.054572152531366,21.79132988020283
33011,0.0,8406.077102079948,0.0,8.406077102079948
33016,0.0,688.944490954362,0.0,0.6889444909543619
33021,7135.66705886435,16236.329025383639,7.1356670588643505,16.23632902538364
33029,0.0,3075.018495479276,0.0,3.0750184954792763
33037,0.0,6230.617960462237,0.0,6.2306179604622365
33039,0.0,2676.978420799462,0.0,2.676978420799462
33040,7734.843022395692,12719.467197595883,7.734843022395692,12.719467197595883
33041,14737.10283691258,19132.073570771638,14.73710283691258,19.132073570771638
34002,2995.537107804749,7121.962032513347,2.9955371078047492,7.1219620325133475
34003,0.0,1260.027747549602,0.0,1.260027747549602
34009,7324.079486303381,10513.93204315923,7.324079486303381,10.51393204315923
34013,7149.482927117047,12186.35651352145,7.149482927117047,12.186356513521451
34022,0.0,4713.360138329568,0.0,4.713360138329568
34023,9253.76231476398,11018.402585942318,9.25376231476398,11.018402585942319
34025,11891.0586808805,13428.697420820545,11.8910586808805,13.428697420820544
34027,0.0,4331.983976638037,0.0,4.331983976638037
34040,9452.272522008085,13229.640606170302,9.452272522008085,13.229640606170301
34041,4446.05301192246,8037.943389464433,4.44605301192246,8.037943389464433
34042,898.9703072065071,5105.786328210086,0.8989703072065071,5.105786328210086
34043,0.0,785.3460451191941,0.0,0.785346045119194
35002,44936.41771224209,47448.40795752721,44.93641771224209,47.44840795752721
35005,33695.26904584609,38104.72126978823,33.695269045846096,38.10472126978823
35006,27405.30812543932,33682.977367620646,27.40530812543932,33.682977367620644
35011,33695.72446013543,39653.832212557456,33.69572446013543,39.653832212557454
35013,41882.995685552334,44713.69296031794,41.88299568555233,44.713692960317935
35014,37108.83999306227,41798.45256881531,37.10883999306227,41.79845256881531
35029,45648.43741364636,50026.83563810072,45.64843741364636,50.02683563810072
36006,16840.577063417484,20751.804404961982,16.840577063417484,20.75180440496198
36007,14922.760695486983,17558.96871430416,14.922760695486982,17.55896871430416
13037,50907.49008765735,55231.55570148279,50.90749008765735,55.23155570148278
13040,52433.876453041266,59306.70775506304,52.433876453041265,59.306707755063044
13044,39706.2866839531,42401.77700109929,39.706286683953095,42.40177700109929
13046,51765.94997381093,54874.46403463561,51.76594997381093,54.87446403463561
13049,29172.834077407566,34479.97592009527,29.172834077407565,34.47997592009527
13053,29535.081917426534,34707.2202492584,29.535081917426535,34.7072202492584
21001,0.0,1268.182014531652,0.0,1.268182014531652
21002,0.0,820.3163483698482,0.0,0.8203163483698482
21003,0.0,876.5459962632418,0.0,0.8765459962632418
21004,0.0,2766.768978638818,0.0,2.7667689786388183
21005,2854.5243131071798,4001.6524901595153,2.85452431310718,4.001652490159516
21006,0.0,837.5802633389311,0.0,0.8375802633389311
21007,0.0,1285.6371123034496,0.0,1.2856371123034496
21008,0.0,1065.782191955015,0.0,1.065782191955015
21009,2943.0208808913144,5078.380535825468,2.9430208808913143,5.078380535825468
21010,0.0,1412.653021470022,0.0,1.412653021470022
21011,1547.5703257431787,2575.0463487379125,1.5475703257431788,2.5750463487379123
21012,0.0,1997.639530453281,0.0,1.997639530453281
21013,2450.3647123947126,3242.137422506663,2.4503647123947125,3.242137422506663
21014,3137.127598695393,3916.1843877848787,3.137127598695393,3.9161843877848788
21015,1347.7205112970385,2515.5789344612444,1.3477205112970385,2.5155789344612445
21016,0.0,1844.5727215284949,0.0,1.8445727215284948
21017,0.0,1821.3831205246693,0.0,1.8213831205246693
21018,0.0,1279.4389154105656,0.0,1.2794389154105656
21019,0.0,1615.9243795950586,0.0,1.6159243795950586
23002,0.0,5932.953492294506,0.0,5.932953492294506
23003,0.0,2966.878515058197,0.0,2.966878515058197
23009,0.0,1772.4166107294902,0.0,1.7724166107294903
23016,0.0,2616.002078541366,0.0,2.616002078541366
23023,2755.073778336915,6225.913368729725,2.755073778336915,6.225913368729725
23024,2713.7718035709386,6726.689975127542,2.7137718035709386,6.726689975127543
23025,0.0,3879.7643312625546,0.0,3.8797643312625545
23027,0.0,2785.184502763424,0.0,2.785184502763424
23032,0.0,2553.599732889303,0.0,2.553599732889303
23033,0.0,1139.072990088164,0.0,1.139072990088164
23038,7081.462943680341,10452.008312490825,7.081462943680341,10.452008312490825
23039,6986.984541561388,10579.212062772081,6.986984541561388,10.579212062772081
23044,9298.482365549098,11898.084393228104,9.298482365549098,11.898084393228103
23045,9113.684645468811,12787.852961404395,9.113684645468812,12.787852961404395
23047,0.0,1202.1953939195955,0.0,1.2021953939195955
23050,2067.152085904369,6799.605056880902,2.067152085904369,6.799605056880902
23052,2905.423524015721,7764.724745373559,2.905423524015721,7.764724745373559
23060,8800.943280450487,11459.37549370561,8.800943280450486,11.45937549370561
23062,0.0,3004.281169522468,0.0,3.0042811695224683
23064,0.0,1758.9423757466448,0.0,1.7589423757466447
23077,0.0,2873.2812281152683,0.0,2.8732812281152684
23081,2420.3982138940346,5583.413572778924,2.4203982138940345,5.583413572778924
23086,4954.571730674491,7734.554211845578,4.954571730674491,7.734554211845578
23088,0.0,2584.148063147486,0.0,2.5841480631474862
23094,0.0,2803.8365234775843,0.0,2.8038365234775844
23096,4000.875951166701,8135.2805124839815,4.000875951166701,8.135280512483982
23097,7270.529445683598,10626.874842555142,7.270529445683598,10.626874842555143
23098,0.0,437.5664682270847,0.0,0.4375664682270847
23099,0.0,390.81538475858116,0.0,0.3908153847585812
23100,0.0,708.4740741109376,0.0,0.7084740741109377
23101,0.0,1534.4374610088748,0.0,1.534437461008875
23102,0.0,1571.5216038722597,0.0,1.5715216038722597
23103,315.6675551375933,1764.152943914858,0.3156675551375933,1.764152943914858
23104,2416.888358299534,5789.8027355238,2.416888358299534,5.7898027355238
23105,9589.570318442711,12390.67010691542,9.58957031844271,12.39067010691542
24001,16552.733170239982,21567.728070303336,16.552733170239982,21.567728070303335
24007,19148.904875425837,22372.738110876024,19.148904875425835,22.372738110876025
24008,13819.023494425162,18397.751152583958,13.819023494425162,18.397751152583957
24009,3577.3746535606624,6482.741524329243,3.5773746535606623,6.482741524329243
24011,0.0,2670.9935496816943,0.0,2.670993549681694
24014,10259.051718071534,12881.306752518563,10.259051718071534,12.881306752518563
24016,0.0,5437.0811219146535,0.0,5.4370811219146535
24020,19699.954876290805,26476.17926163983,19.699954876290807,26.47617926163983
24028,13164.055330351472,16662.00252199553,13.164055330351472,16.662002521995532
24033,14047.74333087374,16615.257372868808,14.04774333087374,16.615257372868808
24038,8842.533908525547,12422.207970174812,8.842533908525548,12.422207970174812
24041,0.0,1476.6945033366133,0.0,1.4766945033366132
24043,10548.428709048218,13992.098486469116,10.548428709048217,13.992098486469116
24045,0.0,2314.5725374126914,0.0,2.3145725374126913
24048,16081.422535216168,19775.36018180836,16.08142253521617,19.77536018180836
24054,8585.810228391918,14028.252762581129,8.585810228391917,14.028252762581129
24055,5070.32456056611,8651.279905103293,5.07032456056611,8.651279905103292
24059,0.0,1998.4268409788988,0.0,1.9984268409788988
24062,3441.385664485924,8864.270802863584,3.441385664485924,8.864270802863585
24066,6222.033804108657,9647.675159186452,6.222033804108657,9.647675159186452
24086,0.0,2831.2204970605426,0.0,2.8312204970605426
24094,13881.834177374749,17058.9700773966,13.88183417737475,17.058970077396598
24104,0.0,3385.9609908411817,0.0,3.385960990841182
24107,0.0,5320.517910067684,0.0,5.320517910067684
24109,18651.604613228526,21445.702244176347,18.651604613228525,21.44570224417635
24130,5755.702140164068,10334.852220681421,5.755702140164067,10.334852220681421
41011,12921.152374168985,15078.931041318652,12.921152374168985,15.078931041318652
41018,0.0,3544.3907513623435,0.0,3.5443907513623434
41024,13303.108449817086,16829.571362004066,13.303108449817087,16.829571362004067
41027,8187.0063423982765,13368.025183643906,8.187006342398277,13.368025183643905
41034,21012.959967186805,24388.70860339315,21.012959967186806,24.388708603393148
41048,7719.896134725077,11990.360294585847,7.719896134725077,11.990360294585848
41063,15300.127999307424,19010.521069942635,15.300127999307424,19.010521069942634
41081,4515.3504680223095,10551.199184860368,4.5153504680223095,10.55119918486037
41082,14349.797987134833,19671.937290223454,14.349797987134833,19.671937290223454
42003,23105.87172853345,27608.859710826146,23.10587172853345,27.608859710826145
42004,12526.261379305572,15284.566515447126,12.526261379305572,15.284566515447127
42006,17429.400496324266,21058.17456006926,17.429400496324266,21.058174560069258
42008,17830.888262681787,23753.836612201212,17.830888262681786,23.753836612201212
42010,27171.054751192703,30768.823997113235,27.171054751192703,30.768823997113234
42011,13723.376466892227,16890.434530813407,13.723376466892226,16.89043453081341
42023,26286.587491996208,29903.656657303316,26.286587491996208,29.903656657303316
42025,20492.79943848871,25390.153680736516,20.49279943848871,25.390153680736514
42026,22925.56099424653,26907.264898272544,22.92556099424653,26.907264898272544
84068,65344.46245175366,69116.47633761915,65.34446245175366,69.11647633761916
84075,63977.564301341314,70755.8842531511,63.97756430134131,70.75588425315111
84077,77290.44202583254,85343.81217937455,77.29044202583255,85.34381217937455
85007,102192.03849726573,109681.31958783773,102.19203849726573,109.68131958783773
85009,112710.64970047606,117735.72378325758,112.71064970047605,117.73572378325758
85011,102324.94788749232,110158.59834816257,102.32494788749233,110.15859834816257
85024,119182.9866511136,123364.36024897198,119.18298665111361,123.36436024897198
85026,123394.30208069389,127641.41469252456,123.39430208069389,127.64141469252456
85034,119124.98882731736,122275.11310836954,119.12498882731735,122.27511310836954
85039,103357.4453099504,114569.15990964064,103.3574453099504,114.56915990964065
85045,120741.76991675675,128154.41228289656,120.74176991675675,128.15441228289657
85046,104031.81154794998,109837.66760482726,104.03181154794999,109.83766760482726
85047,126890.28034875754,131006.37160571737,126.89028034875754,131.00637160571736
91005,41924.0383892176,46981.89209568213,41.9240383892176,46.981892095682134
91013,60837.81751262273,68438.45285058807,60.83781751262273,68.43845285058808
42028,23669.548174266143,26924.86583466662,23.669548174266144,26.92486583466662
43002,43058.440659845146,49560.3026800995,43.05844065984515,49.5603026800995
43005,43890.175070311714,47050.358630180446,43.89017507031171,47.05035863018045
43007,43076.12582693917,47755.72660518355,43.07612582693917,47.75572660518355
43010,42507.47800365365,48026.67925877423,42.507478003653645,48.02667925877423
43014,49457.51542620839,53961.425503999126,49.45751542620839,53.96142550399912
43018,45077.941537272716,46919.71322698764,45.077941537272714,46.91971322698764
44012,19295.048455675515,22844.385079123596,19.295048455675513,22.844385079123597
44013,24557.217991410223,29893.144046969002,24.557217991410223,29.893144046969002
44019,34134.55244370023,40252.091908845134,34.13455244370023,40.25209190884513
44020,13560.588306217744,16429.163164735754,13.560588306217744,16.429163164735755
44021,21984.95608419451,32564.752248595345,21.984956084194508,32.56475224859535
44034,31217.013852642867,36856.41550506001,31.217013852642868,36.856415505060006
44040,21949.379328518833,24511.769919849936,21.949379328518834,24.511769919849936
44043,17201.253276626354,21503.054129475775,17.201253276626353,21.503054129475775
44045,36736.167888034615,40882.245531620254,36.736167888034615,40.882245531620256
44048,17340.896277272474,20697.541326577706,17.340896277272474,20.697541326577706
44052,13581.045399374416,18090.355274098183,13.581045399374416,18.090355274098183
44064,23369.763164765984,26011.88008075489,23.369763164765985,26.011880080754892
91015,76392.99972243926,86489.60832885728,76.39299972243926,86.48960832885729
91030,40318.426004973546,47405.97890980932,40.318426004973546,47.40597890980932
91034,45191.63374371598,51709.476498572454,45.19163374371598,51.70947649857246
91054,73250.78556731872,81022.12922431804,73.25078556731872,81.02212922431804
91059,34714.65575571967,39873.29979528738,34.71465575571967,39.87329979528738
91064,31205.94431427102,37669.82170557554,31.20594431427102,37.669821705575536
91072,50171.537464469904,57604.19590440277,50.17153746446991,57.604195904402765
91103,48063.862122992716,52992.21744838548,48.06386212299272,52.99221744838548
91114,50954.37638512176,59905.864617433865,50.95437638512176,59.90586461743386
91120,36688.737402629005,45346.56006338228,36.688737402629,45.346560063382285
91141,39592.4867718319,43480.56063114677,39.5924867718319,43.48056063114677
91142,52903.741649264186,59553.023094254335,52.903741649264184,59.553023094254335
91143,86701.82587796629,95477.90169519636,86.70182587796629,95.47790169519635
44073,39879.55256155258,43881.59734721901,39.87955256155258,43.88159734721901
44081,14697.42146240202,18963.78785556436,14.697421462402021,18.96378785556436
44083,20301.555193400272,28144.0608771479,20.301555193400272,28.144060877147897
44084,27798.225539322088,36574.81626404611,27.798225539322086,36.574816264046106
44085,33180.301391600944,39336.947532270366,33.18030139160094,39.336947532270365
45035,3472.963537559624,9896.289297744104,3.472963537559624,9.896289297744104
45041,0.0,1950.1336262006328,0.0,1.9501336262006328
45059,0.0,2232.4805359838147,0.0,2.2324805359838145
45060,0.0,1679.7527791912585,0.0,1.6797527791912585
45061,4592.321837295006,9339.015552111052,4.592321837295006,9.339015552111052
45062,2522.8622578422383,5774.643489964034,2.522862257842238,5.774643489964034
45063,3064.336243809137,6261.035297570931,3.0643362438091373,6.261035297570931
45064,0.0,3639.6904524675556,0.0,3.6396904524675557
45065,5812.7665219289165,10689.024301652702,5.812766521928917,10.689024301652703
45068,11950.560099140705,16104.296403980976,11.950560099140704,16.104296403980975
46003,30311.46292819669,39639.336364062416,30.311462928196693,39.639336364062416
46013,24438.414055298897,28309.10845226166,24.438414055298896,28.309108452261658
46014,29270.52700263283,34265.75115538548,29.27052700263283,34.26575115538548
92003,18931.963884266857,24082.04726941623,18.931963884266857,24.08204726941623
92006,32454.003277850254,37236.39558499649,32.454003277850255,37.236395584996494
92035,9498.922536968803,17521.816609973295,9.498922536968802,17.521816609973296
92045,30980.869567800644,35381.97010003155,30.980869567800646,35.381970100031545
92048,34842.94506909974,38824.04317294282,34.84294506909974,38.824043172942815
92054,26546.897570040088,31112.45525566119,26.546897570040088,31.11245525566119
92087,40378.29878941801,46182.518257044714,40.37829878941801,46.18251825704471
92094,22317.715136703646,30806.222217842023,22.317715136703647,30.806222217842024
92097,24203.857723317724,28869.164592873556,24.203857723317725,28.869164592873556
92101,36634.96511555057,40704.881778871444,36.63496511555057,40.704881778871446
92114,18587.8127460174,23022.806754251338,18.5878127460174,23.022806754251338
92137,27124.818850363896,32017.493828163464,27.124818850363894,32.01749382816347
92138,11775.85538870639,18039.30492077948,11.77585538870639,18.03930492077948
92140,25366.803276015642,30318.510079784704,25.36680327601564,30.318510079784705
92141,21133.04672518635,25066.66105196277,21.133046725186347,25.066661051962768
92142,15313.601255594436,21688.594988655987,15.313601255594437,21.688594988655986
46020,34686.036963772385,39468.00878701423,34.68603696377239,39.46800878701423
46021,28897.735409091212,33251.360753752364,28.89773540909121,33.251360753752365
46024,36790.07829893101,40572.47658518125,36.79007829893101,40.57247658518125
46025,24571.681066060442,27282.11708114532,24.571681066060442,27.28211708114532
51004,2720.1272950041507,11367.970742276259,2.7201272950041506,11.367970742276258
51008,16012.674701894053,21394.283359424106,16.012674701894053,21.394283359424104
51009,23142.88715597406,27218.787435353104,23.14288715597406,27.218787435353104
51012,7377.916222452353,10485.563420484401,7.377916222452353,10.4855634204844
51014,11657.474611973397,16173.368847671925,11.657474611973397,16.173368847671924
51017,0.0,4105.59101149923,0.0,4.1055910114992304
51019,0.0,1855.338340406656,0.0,1.855338340406656
51065,0.0,4731.478832203579,0.0,4.731478832203579
51067,0.0,1844.1562593158708,0.0,1.8441562593158707
51068,0.0,4477.195065293415,0.0,4.477195065293414
51069,0.0,3316.5537274557164,0.0,3.3165537274557164
52010,20476.375341578583,25385.688120143295,20.47637534157858,25.385688120143296
52011,25404.33113602087,32074.93376808043,25.404331136020872,32.074933768080435
52012,31672.630011248348,36774.89039971475,31.672630011248348,36.77489039971475
93010,51250.344697866436,58212.77563561781,51.25034469786644,58.21277563561781
93014,63138.44490056617,74297.02193631386,63.13844490056617,74.29702193631385
93018,59544.71546623,66093.05117370779,59.54471546623,66.09305117370779
93022,45161.41315681031,53283.149748372045,45.16141315681031,53.28314974837205
93056,54045.538746046775,62134.92625640675,54.04553874604677,62.13492625640675
93088,42853.36906521492,48696.74609116628,42.85336906521492,48.696746091166276
93090,68556.53211712524,75110.01619755581,68.55653211712524,75.11001619755581
52015,18943.36311421421,24976.820463103715,18.94336311421421,24.976820463103714
52018,30849.7353323854,32653.44620994417,30.8497353323854,32.65344620994417
52021,20983.095926448426,26900.046091165983,20.983095926448428,26.900046091165983
52022,27702.340757157806,31791.186888018183,27.702340757157806,31.79118688801818
52025,37321.00504962943,42097.11438494028,37.32100504962943,42.09711438494028
52048,32597.802194121577,35817.62437731031,32.59780219412158,35.81762437731031
52055,15475.722473348735,21104.627367723824,15.475722473348736,21.104627367723825
52074,32469.67552193614,36167.19842538512,32.46967552193614,36.167198425385116
52075,15901.17097166687,21544.891390709345,15.90117097166687,21.544891390709346
53014,27874.10791350926,30512.76619654494,27.87410791350926,30.51276619654494
53020,32133.457500124652,34992.61837609203,32.13345750012465,34.99261837609203
53028,29740.188423257274,33546.805460184674,29.740188423257273,33.54680546018467
53039,29004.768778978905,31755.301968215575,29.004768778978907,31.755301968215576
53044,15440.4056609501,18475.93165638254,15.4404056609501,18.475931656382542
53046,8425.315006790643,13362.034444546003,8.425315006790642,13.362034444546003
53053,19406.800748113572,26224.699603654535,19.40680074811357,26.224699603654535
53065,26366.328917430747,28494.07843368239,26.366328917430746,28.49407843368239
53068,33403.6602009992,36110.53451511086,33.4036602009992,36.110534515110864
53070,18454.76159624735,24103.086656324664,18.45476159624735,24.103086656324663
53082,29058.658692727786,32194.820756653673,29.058658692727786,32.19482075665367
53083,36605.29183710511,40121.07540200812,36.60529183710511,40.121075402008124
53084,31447.84854153694,35835.27852035323,31.44784854153694,35.835278520353235
55004,3761.9313392717913,10427.036298038724,3.7619313392717912,10.427036298038724
55035,17471.736722370657,21202.51313011671,17.471736722370657,21.20251313011671
55040,6431.538243369773,14025.369179996265,6.431538243369773,14.025369179996265
55050,10994.190678467361,14893.348858191024,10.99419067846736,14.893348858191024
55085,9924.792859235798,15788.422535848842,9.924792859235799,15.788422535848841
55086,18701.930173686593,21815.79097171171,18.70193017368659,21.81579097171171
56001,29236.378070025705,31832.54458700472,29.236378070025705,31.83254458700472
56005,43988.4628414463,51216.50168399804,43.9884628414463,51.21650168399804
56016,62409.6203249576,72329.53971739637,62.4096203249576,72.32953971739637
56022,38154.30286743541,43541.347131611976,38.154302867435405,43.54134713161198
56029,50394.07315407706,58761.68523488697,50.394073154077056,58.761685234886976
56044,33581.534200341885,37089.469107140096,33.581534200341885,37.0894691071401
56049,36424.81613743027,41146.4852900151,36.42481613743027,41.1464852900151
56051,69695.89761086482,76437.38693420385,69.69589761086482,76.43738693420386
56078,35261.58900807136,40888.01951409714,35.26158900807136,40.88801951409714
56086,38132.02323028894,41742.16964015832,38.132023230288944,41.742169640158316
56088,53071.527483858044,58920.00304512807,53.07152748385804,58.92000304512807
57003,14715.971736876405,18702.99244551966,14.715971736876405,18.70299244551966
57018,0.0,4814.723335498718,0.0,4.8147233354987184
57027,0.0,4606.04254619088,0.0,4.60604254619088
57062,0.0,2760.3706288263825,0.0,2.7603706288263825
57064,16642.27373682162,21856.479604885502,16.64227373682162,21.856479604885504
57072,15608.463071186994,18646.498980065546,15.608463071186994,18.646498980065545
57081,4557.673013669091,10996.30310724357,4.557673013669091,10.99630310724357
57093,16158.61967473287,20515.496107274856,16.158619674732872,20.515496107274856
57094,8612.038362886227,13929.202901065635,8.612038362886228,13.929202901065635
57095,0.0,2224.4653434465595,0.0,2.2244653434465596
57096,0.0,1906.9740961231603,0.0,1.9069740961231603
57097,0.0,883.7663001278688,0.0,0.8837663001278688
58001,18756.248816839896,24882.718674644464,18.756248816839896,24.882718674644465
58002,27510.03175182256,31634.092194265093,27.51003175182256,31.634092194265094
58003,29055.80999954522,35295.651417307636,29.05580999954522,35.29565141730764
58004,23959.281776347016,26885.774528301325,23.959281776347016,26.885774528301326
61003,13978.557484863297,18240.77494915472,13.978557484863297,18.24077494915472
61010,9830.983395129548,13044.008944627049,9.830983395129548,13.044008944627048
61012,28747.632079197178,33673.01364500694,28.747632079197178,33.67301364500694
61019,30786.10885549526,36585.387238277435,30.786108855495257,36.585387238277434
61024,29153.234551612655,32323.98478860355,29.153234551612655,32.323984788603546
61028,13485.964560988947,17524.864573359828,13.485964560988947,17.524864573359828
61031,18447.200966685985,21175.533314481047,18.447200966685983,21.175533314481047
61039,21533.278197030635,25921.90547552289,21.533278197030636,25.92190547552289
61041,21502.409216253956,26509.715316769405,21.502409216253955,26.509715316769405
61043,19641.89792090673,22551.851507184794,19.64189792090673,22.551851507184793
61048,26509.791659861883,30710.012934210372,26.509791659861882,30.710012934210372
61063,8933.252933943853,11995.733601831354,8.933252933943853,11.995733601831354
61068,7859.872303737741,12640.858242335267,7.859872303737741,12.640858242335268
61072,12946.877865110042,16361.66423015524,12.946877865110041,16.36166423015524
61079,22281.5994783921,26032.47162928401,22.281599478392103,26.03247162928401
61080,14164.78627807306,18176.270974908617,14.16478627807306,18.17627097490862
61081,23928.15763399778,27330.99399950648,23.92815763399778,27.330993999506482
62003,766.3417739317398,4922.7722879948415,0.7663417739317397,4.9227722879948415
62006,0.0,3203.2521211581434,0.0,3.2032521211581435
62009,21754.512181639868,29711.42855863316,21.754512181639868,29.71142855863316
62011,0.0,1256.4345788301844,0.0,1.2564345788301843
62015,11560.375824284914,13688.864443496837,11.560375824284915,13.688864443496838
62022,15603.941973676927,19296.113540249942,15.603941973676926,19.29611354024994
62026,24371.11682572881,27843.5784505605,24.371116825728812,27.8435784505605
62027,0.0,2871.6529009324586,0.0,2.8716529009324585
62032,17840.143689140903,21652.66868638165,17.840143689140902,21.65266868638165
62038,11384.625038387792,14467.173210340197,11.384625038387792,14.467173210340198
62051,5727.2311023241655,8943.184333276458,5.727231102324166,8.943184333276458
62060,0.0,3410.814991872093,0.0,3.4108149918720927
62063,6060.643966853469,12926.784959318678,6.060643966853468,12.92678495931868
62079,1277.0930536948413,4855.893624160248,1.2770930536948413,4.855893624160248
62093,8560.716395708705,10697.377231472463,8.560716395708704,10.697377231472462
62096,10761.919080052361,15187.48742870123,10.761919080052362,15.18748742870123
62099,7673.090937112018,10950.204778217067,7.6730909371120175,10.950204778217067
62100,19121.208968417806,24220.546342420632,19.121208968417807,24.220546342420633
62108,0.0,1626.40801943863,0.0,1.62640801943863
62118,6597.66249064492,9128.748267373197,6.59766249064492,9.128748267373197
62119,4346.236152718496,7965.0757939243185,4.346236152718496,7.965075793924319
62120,10184.780271361167,13676.18389590215,10.184780271361166,13.676183895902149
62121,16810.54453695107,19904.06837242611,16.81054453695107,19.90406837242611
62122,15406.585990627813,18054.561394224802,15.406585990627812,18.0545613942248
63001,39783.14403975874,45743.619044478735,39.783144039758746,45.743619044478734
63003,0.0,1765.361358401777,0.0,1.7653613584017769
63004,7765.632812804084,18220.58930634984,7.765632812804084,18.22058930634984
63012,36929.896278947854,46427.99026420132,36.92989627894785,46.42799026420132
63013,28946.104539003274,35807.27130062493,28.946104539003276,35.80727130062493
63020,8474.23235334645,10674.223045634973,8.47423235334645,10.674223045634973
63023,10679.442959720742,20423.597422824,10.679442959720742,20.423597422824002
63035,1862.0905408923447,7444.648681988516,1.8620905408923447,7.444648681988516
63038,13949.712100302999,20794.884699665927,13.949712100303,20.79488469966593
63040,6214.212232479062,8222.824608079449,6.214212232479062,8.22282460807945
63045,39056.04993825952,45178.68226433063,39.05604993825952,45.17868226433063
63046,7265.406334001269,11642.2201751606,7.265406334001269,11.6422201751606
63048,5796.2784347545075,9576.075311826882,5.796278434754507,9.576075311826882
63049,24811.282229115386,32985.5943574707,24.811282229115385,32.985594357470696
63057,13046.09400177852,15379.801475404432,13.04609400177852,15.379801475404433
63058,12547.440116813515,15779.304159401967,12.547440116813515,15.779304159401967
63061,9983.950098576726,17051.780878506674,9.983950098576726,17.051780878506673
63067,41209.18988100446,50136.83122998335,41.209189881004455,50.13683122998335
63072,22239.990407320878,26530.488167783493,22.239990407320878,26.530488167783492
63073,25324.225624198614,33101.716865411756,25.324225624198615,33.10171686541175
63075,27499.811812403965,34003.73418655953,27.499811812403966,34.00373418655953
63076,15971.070137309258,22642.15015057567,15.971070137309258,22.64215015057567
63079,9895.588368847217,13961.627772080194,9.895588368847216,13.961627772080194
63080,24817.987391592083,32497.96441003995,24.817987391592084,32.49796441003995
63084,4414.296019210907,6579.833149254967,4.414296019210907,6.579833149254967
63086,35547.425587620244,39293.76615931619,35.547425587620246,39.29376615931619
63087,50411.64501175993,58321.12612769153,50.41164501175993,58.321126127691535
63088,0.0,2962.014719148768,0.0,2.962014719148768
63089,1420.2915225976412,5303.155365324916,1.4202915225976411,5.3031553653249155
64008,0.0,1644.043510529796,0.0,1.6440435105297961
64015,5218.067300385579,8926.135885969052,5.218067300385579,8.926135885969051
64021,0.0,1891.6873406035227,0.0,1.8916873406035226
64023,4654.342211920616,7645.857112381094,4.654342211920616,7.645857112381094
64025,3415.700531746177,6338.926394875995,3.415700531746177,6.338926394875996
64029,0.0,3098.689729509945,0.0,3.098689729509945
64034,0.0,4436.052529413233,0.0,4.436052529413233
64047,0.0,1252.166449656442,0.0,1.252166449656442
64056,0.0,1688.385579018637,0.0,1.6883855790186368
64063,1442.481692152294,4272.954474935394,1.442481692152294,4.272954474935394
64065,9815.992729016427,13954.622781348153,9.815992729016427,13.954622781348153
64074,0.0,2542.792454611899,0.0,2.5427924546118987
64075,7297.022568823788,10444.405288412603,7.297022568823788,10.444405288412604
64076,4363.054286030025,7893.372140851701,4.3630542860300245,7.893372140851701
71002,19518.148733649927,23049.84322803619,19.518148733649927,23.04984322803619
71004,30634.50754037788,36451.56944641984,30.63450754037788,36.45156944641984
71011,14156.911623775697,18292.867249603434,14.156911623775697,18.292867249603436
71016,14984.45725627856,21194.974681543226,14.98445725627856,21.194974681543226
71017,0.0,1806.3513340045745,0.0,1.8063513340045745
71020,17201.401041928893,21514.35467084126,17.201401041928893,21.51435467084126
71022,13481.029705545812,21250.861131765017,13.481029705545811,21.250861131765017
71024,18692.774686367426,22706.96116233097,18.692774686367425,22.70696116233097
71034,39818.23596023055,41892.10055435959,39.81823596023055,41.89210055435959
71037,22860.21603615543,28584.19263189952,22.860216036155432,28.584192631899523
71045,14472.495859623723,17083.450575851068,14.472495859623724,17.083450575851067
71053,2332.558123787005,9549.350821697,2.332558123787005,9.549350821697
71057,27959.324477898102,32304.989730900106,27.959324477898104,32.304989730900104
71066,24189.505108113794,27121.88428073653,24.189505108113792,27.12188428073653
71067,10636.2942208873,15190.238182451241,10.636294220887299,15.19023818245124
71069,35069.330150100715,38803.64919141265,35.06933015010072,38.80364919141265
71070,26030.613387942594,30771.20197604695,26.030613387942594,30.77120197604695
72003,36793.658176613964,42603.130503387234,36.79365817661397,42.603130503387234
72004,32371.04768812047,36916.47073085716,32.37104768812047,36.91647073085716
72018,34957.14311103018,38282.715321288444,34.95714311103018,38.28271532128844
72020,46095.81278834955,52886.48363607882,46.09581278834955,52.886483636078815
72021,23218.06798959092,30739.73122962948,23.21806798959092,30.73973122962948
72030,31096.764325610988,38399.23832567693,31.096764325610987,38.39923832567693
72037,45741.67541834166,51470.23282029335,45.741675418341664,51.47023282029335
72038,36662.96564802596,42887.110197951064,36.66296564802596,42.88711019795107
72039,25477.73997981166,31777.249516657983,25.47773997981166,31.77724951665798
72041,20649.748328454436,24982.718270367037,20.649748328454436,24.982718270367037
72042,24077.91287501661,30679.28506663739,24.077912875016608,30.679285066637387
72043,43376.450006792744,48271.65736442842,43.376450006792744,48.27165736442842
73001,12743.423718520007,15333.218645387642,12.743423718520008,15.333218645387642
73006,4630.75523209425,11315.254816630211,4.630755232094249,11.315254816630212
73009,2459.204920899199,6571.711561161202,2.459204920899199,6.571711561161202
73022,0.0,2530.1922181655714,0.0,2.5301922181655714
73028,0.0,381.04106938399735,0.0,0.38104106938399734
73032,6640.720219685791,10307.824176822864,6.64072021968579,10.307824176822864
73040,6933.913110356179,11729.59926684572,6.933913110356179,11.729599266845721
73042,3459.0732980427065,10180.825670261136,3.4590732980427066,10.180825670261136
73066,0.0,2924.1890627187167,0.0,2.9241890627187166
73083,0.0,3678.24959893466,0.0,3.6782495989346597
73098,8042.385204499822,10943.703054787491,8.042385204499823,10.943703054787491
73107,11259.347421752731,17466.39309300004,11.25934742175273,17.46639309300004
73109,0.0,1802.5288547268447,0.0,1.8025288547268448
81001,109394.95196605682,115299.65556287319,109.39495196605682,115.29965556287318
81003,101904.95437249917,107683.84437033594,101.90495437249916,107.68384437033593
81004,122663.50651390123,126520.43223029586,122.66350651390123,126.52043223029587
81013,95372.46319703951,100663.01158071391,95.37246319703951,100.66301158071391
81015,117180.01844159482,121950.48776786313,117.18001844159481,121.95048776786314
82003,66506.49135704672,77752.64177321672,66.50649135704671,77.75264177321672
82005,67372.6329405428,73408.6027046035,67.3726329405428,73.4086027046035
82009,86319.60896836799,93460.27446397947,86.31960896836799,93.46027446397947
82014,53470.70140196401,63428.959804266764,53.470701401964014,63.42895980426676
82032,40361.71167010915,48053.69278886491,40.36171167010915,48.05369278886491
82036,79317.8843042529,88003.37074953031,79.3178843042529,88.0033707495303
82037,49432.55404614583,57621.25540068401,49.43255404614583,57.62125540068401
82038,71700.73197880638,77590.05693216709,71.70073197880637,77.59005693216709
83012,32159.00535518205,40132.20711526646,32.159005355182046,40.13220711526646
83013,43430.54945513955,47825.31812029542,43.430549455139555,47.82531812029542
83028,44706.03066183683,50274.66349107121,44.70603066183683,50.27466349107121
83031,54290.60803727785,62558.43589395904,54.29060803727785,62.558435893959036
36008,14193.302759212496,17335.657028193265,14.193302759212497,17.335657028193264
36010,8396.41266194026,12124.127129616343,8.396412661940259,12.124127129616344
36011,22945.12264510963,26319.986439063072,22.94512264510963,26.319986439063072
36012,6370.804964248507,9502.208483881115,6.3708049642485065,9.502208483881116
36015,11796.14957181956,16824.658879779985,11.79614957181956,16.824658879779985
36019,11768.804532947193,15987.411239298597,11.768804532947193,15.987411239298597
37002,17282.8694350949,21050.411056841385,17.282869435094902,21.050411056841384
37007,17847.44293569401,21236.34615006307,17.84744293569401,21.23634615006307
37010,16069.722169615306,19715.013372448844,16.069722169615307,19.715013372448844
37011,22281.587130738022,26376.465977999884,22.28158713073802,26.376465977999885
37012,29102.8918104259,32549.859696699397,29.1028918104259,32.5498596966994
37015,22933.032897631158,27441.340802082657,22.933032897631158,27.441340802082657
37017,14307.706489887152,17339.89279022279,14.307706489887153,17.33989279022279
37018,26217.21155747476,32828.95972074252,26.21721155747476,32.82895972074252
37020,19824.95341037424,23640.613384098466,19.824953410374242,23.640613384098465
38002,21555.18401571487,27274.34271174411,21.555184015714868,27.274342711744108
38008,37266.918046772174,40058.37683775718,37.266918046772176,40.05837683775718
38014,35587.271404352316,39463.50955025589,35.587271404352315,39.46350955025589
38016,34750.26591844337,38409.514923471674,34.750265918443375,38.409514923471676
38025,30006.61445462699,34028.909244422044,30.00661445462699,34.028909244422046
41002,10482.89169402493,17078.99775525246,10.482891694024929,17.078997755252463
83034,48731.38642325935,55532.95985930576,48.731386423259345,55.53295985930576
83040,57065.607000268305,63678.38558440265,57.06560700026831,63.67838558440265
83044,50968.31819423384,55973.62409177845,50.968318194233845,55.973624091778454
83049,63249.360652056865,69097.54896689444,63.249360652056865,69.09754896689444
83055,39737.3238165036,48536.620995792604,39.737323816503604,48.5366209957926
84009,84911.94334900696,93771.35181742917,84.91194334900696,93.77135181742916
84010,90741.41965403136,99053.91801185528,90.74141965403136,99.05391801185527
84016,72985.52058172054,77079.97617473284,72.98552058172054,77.07997617473285
84029,96865.71233258664,100633.67804335065,96.86571233258664,100.63367804335066
84033,91215.96182154861,101645.5268422966,91.21596182154862,101.6455268422966
84035,72302.5679020213,79965.77946309089,72.3025679020213,79.9657794630909
84043,90620.6187672029,95858.48503164425,90.6206187672029,95.85848503164425
84050,78489.48379943754,87649.39973011226,78.48948379943754,87.64939973011226
84059,68092.04923582023,74283.26362147117,68.09204923582023,74.28326362147116
